"meta_source","meta_time","meta_event","meta_session","timestamp","vehicle_id","outing","lap","value","expire_at"
"kafka:gr-raw","2025-04-27T17:57:56.277Z","I_R02_2025-04-27","R2","2025-04-27T17:57:55.061Z","GR86-002-2",0,0,33608,
"kafka:gr-raw","2025-04-27T17:57:31.428Z","I_R02_2025-04-27","R2","2025-04-27T17:57:21.456Z","GR86-002-2",0,16,181313,
"kafka:gr-raw","2025-04-27T17:54:00.120Z","I_R02_2025-04-27","R2","2025-04-27T17:53:59.695Z","GR86-002-2",0,15,216035,
"kafka:gr-raw","2025-04-27T17:50:24.648Z","I_R02_2025-04-27","R2","2025-04-27T17:50:23.631Z","GR86-002-2",0,14,44,
"kafka:gr-raw","2025-04-27T17:50:24.647Z","I_R02_2025-04-27","R2","2025-04-27T17:50:23.615Z","GR86-002-2",0,14,214361,
"kafka:gr-raw","2025-04-27T17:50:24.647Z","I_R02_2025-04-27","R2","2025-04-27T17:50:23.617Z","GR86-002-2",0,15,0,
"kafka:gr-raw","2025-04-27T17:46:50.574Z","I_R02_2025-04-27","R2","2025-04-27T17:46:49.245Z","GR86-002-2",0,13,153707,
"kafka:gr-raw","2025-04-27T17:44:19.708Z","I_R02_2025-04-27","R2","2025-04-27T17:44:15.575Z","GR86-002-2",0,12,148914,
"kafka:gr-raw","2025-04-27T17:41:50.521Z","I_R02_2025-04-27","R2","2025-04-27T17:41:46.591Z","GR86-002-2",0,11,149658,
"kafka:gr-raw","2025-04-27T17:39:19.473Z","I_R02_2025-04-27","R2","2025-04-27T17:39:16.976Z","GR86-002-2",0,10,200506,
"kafka:gr-raw","2025-04-27T17:35:58.427Z","I_R02_2025-04-27","R2","2025-04-27T17:35:56.496Z","GR86-002-2",0,9,212591,
"kafka:gr-raw","2025-04-27T17:32:26.269Z","I_R02_2025-04-27","R2","2025-04-27T17:32:23.825Z","GR86-002-2",0,8,44,
"kafka:gr-raw","2025-04-27T17:32:26.268Z","I_R02_2025-04-27","R2","2025-04-27T17:32:23.817Z","GR86-002-2",0,9,0,
"kafka:gr-raw","2025-04-27T17:32:26.268Z","I_R02_2025-04-27","R2","2025-04-27T17:32:23.816Z","GR86-002-2",0,8,153353,
"kafka:gr-raw","2025-04-27T17:29:50.719Z","I_R02_2025-04-27","R2","2025-04-27T17:29:50.423Z","GR86-002-2",0,7,148905,
"kafka:gr-raw","2025-04-27T17:27:21.915Z","I_R02_2025-04-27","R2","2025-04-27T17:27:21.512Z","GR86-002-2",0,6,149731,
"kafka:gr-raw","2025-04-27T17:24:52.557Z","I_R02_2025-04-27","R2","2025-04-27T17:24:51.816Z","GR86-002-2",0,5,150585,
"kafka:gr-raw","2025-04-27T17:22:21.551Z","I_R02_2025-04-27","R2","2025-04-27T17:22:21.215Z","GR86-002-2",0,4,149492,
"kafka:gr-raw","2025-04-27T17:19:52.279Z","I_R02_2025-04-27","R2","2025-04-27T17:19:51.726Z","GR86-002-2",0,3,148588,
"kafka:gr-raw","2025-04-27T17:17:28.699Z","I_R02_2025-04-27","R2","2025-04-27T17:17:23.100Z","GR86-002-2",0,2,151605,
"kafka:gr-raw","2025-04-27T17:14:52.125Z","I_R02_2025-04-27","R2","2025-04-27T17:14:51.496Z","GR86-002-2",0,1,216646,
"kafka:gr-raw","2025-04-27T17:11:18.941Z","I_R02_2025-04-27","R2","2025-04-27T17:11:14.856Z","GR86-002-2",0,32768,2118480,
"kafka:gr-raw","2025-04-27T18:05:35.964Z","I_R02_2025-04-27","R2","2025-04-27T18:05:34.698Z","GR86-004-78",0,19,236610,
"kafka:gr-raw","2025-04-27T18:01:38.344Z","I_R02_2025-04-27","R2","2025-04-27T18:01:38.088Z","GR86-004-78",0,18,152890,
"kafka:gr-raw","2025-04-27T17:59:07.823Z","I_R02_2025-04-27","R2","2025-04-27T17:59:05.168Z","GR86-004-78",0,17,151999,
"kafka:gr-raw","2025-04-27T17:56:36.456Z","I_R02_2025-04-27","R2","2025-04-27T17:56:33.167Z","GR86-004-78",0,16,151211,
"kafka:gr-raw","2025-04-27T17:54:02.330Z","I_R02_2025-04-27","R2","2025-04-27T17:54:01.979Z","GR86-004-78",0,15,213370,
"kafka:gr-raw","2025-04-27T17:50:29.005Z","I_R02_2025-04-27","R2","2025-04-27T17:50:28.577Z","GR86-004-78",0,14,211710,
"kafka:gr-raw","2025-04-27T17:46:57.941Z","I_R02_2025-04-27","R2","2025-04-27T17:46:56.897Z","GR86-004-78",0,13,157200,
"kafka:gr-raw","2025-04-27T17:44:20.234Z","I_R02_2025-04-27","R2","2025-04-27T17:44:19.672Z","GR86-004-78",0,12,149599,
"kafka:gr-raw","2025-04-27T17:41:51.085Z","I_R02_2025-04-27","R2","2025-04-27T17:41:50.058Z","GR86-004-78",0,11,151378,
"kafka:gr-raw","2025-04-27T17:39:19.772Z","I_R02_2025-04-27","R2","2025-04-27T17:39:18.687Z","GR86-004-78",0,10,197233,
"kafka:gr-raw","2025-04-27T17:36:01.849Z","I_R02_2025-04-27","R2","2025-04-27T17:36:01.497Z","GR86-004-78",0,9,209879,
"kafka:gr-raw","2025-04-27T17:32:36.341Z","I_R02_2025-04-27","R2","2025-04-27T17:32:31.567Z","GR86-004-78",0,8,158220,
"kafka:gr-raw","2025-04-27T17:29:54.505Z","I_R02_2025-04-27","R2","2025-04-27T17:29:53.327Z","GR86-004-78",0,7,149199,
"kafka:gr-raw","2025-04-27T17:27:26.597Z","I_R02_2025-04-27","R2","2025-04-27T17:27:24.137Z","GR86-004-78",0,6,149480,
"kafka:gr-raw","2025-04-27T17:24:56.020Z","I_R02_2025-04-27","R2","2025-04-27T17:24:54.646Z","GR86-004-78",0,5,149388,
"kafka:gr-raw","2025-04-27T17:22:25.744Z","I_R02_2025-04-27","R2","2025-04-27T17:22:25.299Z","GR86-004-78",0,4,149601,
"kafka:gr-raw","2025-04-27T17:19:56.116Z","I_R02_2025-04-27","R2","2025-04-27T17:19:55.736Z","GR86-004-78",0,3,149595,
"kafka:gr-raw","2025-04-27T17:17:29.610Z","I_R02_2025-04-27","R2","2025-04-27T17:17:26.058Z","GR86-004-78",0,2,154093,
"kafka:gr-raw","2025-04-27T17:14:52.380Z","I_R02_2025-04-27","R2","2025-04-27T17:14:51.968Z","GR86-004-78",0,1,213866,
"kafka:gr-raw","2025-04-27T17:11:19.022Z","I_R02_2025-04-27","R2","2025-04-27T17:11:18.098Z","GR86-004-78",0,32768,1316503,
"kafka:gr-raw","2025-04-27T18:05:01.480Z","I_R02_2025-04-27","R2","2025-04-27T18:04:59.578Z","GR86-006-7",0,19,214876,
"kafka:gr-raw","2025-04-27T18:01:26.396Z","I_R02_2025-04-27","R2","2025-04-27T18:01:24.697Z","GR86-006-7",0,18,148814,
"kafka:gr-raw","2025-04-27T17:59:05.619Z","I_R02_2025-04-27","R2","2025-04-27T17:58:55.906Z","GR86-006-7",0,17,148291,
"kafka:gr-raw","2025-04-27T17:56:32.078Z","I_R02_2025-04-27","R2","2025-04-27T17:56:27.583Z","GR86-006-7",0,16,148597,
"kafka:gr-raw","2025-04-27T17:53:59.756Z","I_R02_2025-04-27","R2","2025-04-27T17:53:58.993Z","GR86-006-7",0,15,217871,
"kafka:gr-raw","2025-04-27T17:50:22.391Z","I_R02_2025-04-27","R2","2025-04-27T17:50:21.179Z","GR86-006-7",0,14,214024,
"kafka:gr-raw","2025-04-27T17:46:47.411Z","I_R02_2025-04-27","R2","2025-04-27T17:46:47.098Z","GR86-006-7",0,13,154996,
"kafka:gr-raw","2025-04-27T17:44:15.701Z","I_R02_2025-04-27","R2","2025-04-27T17:44:12.097Z","GR86-006-7",0,12,148201,
"kafka:gr-raw","2025-04-27T17:41:44.422Z","I_R02_2025-04-27","R2","2025-04-27T17:41:43.898Z","GR86-006-7",0,11,148301,
"kafka:gr-raw","2025-04-27T17:39:19.039Z","I_R02_2025-04-27","R2","2025-04-27T17:39:15.568Z","GR86-006-7",0,10,202249,
"kafka:gr-raw","2025-04-27T17:35:54.782Z","I_R02_2025-04-27","R2","2025-04-27T17:35:53.378Z","GR86-006-7",0,9,214332,
"kafka:gr-raw","2025-04-27T17:32:23.616Z","I_R02_2025-04-27","R2","2025-04-27T17:32:19.008Z","GR86-006-7",0,8,156519,
"kafka:gr-raw","2025-04-27T17:29:47.029Z","I_R02_2025-04-27","R2","2025-04-27T17:29:42.538Z","GR86-006-7",0,7,148219,
"kafka:gr-raw","2025-04-27T17:27:15.364Z","I_R02_2025-04-27","R2","2025-04-27T17:27:14.248Z","GR86-006-7",0,6,44,
"kafka:gr-raw","2025-04-27T17:27:15.363Z","I_R02_2025-04-27","R2","2025-04-27T17:27:14.219Z","GR86-006-7",0,6,148074,
"kafka:gr-raw","2025-04-27T17:27:15.362Z","I_R02_2025-04-27","R2","2025-04-27T17:27:14.220Z","GR86-006-7",0,7,0,
"kafka:gr-raw","2025-04-27T17:24:46.946Z","I_R02_2025-04-27","R2","2025-04-27T17:24:46.139Z","GR86-006-7",0,5,44,
"kafka:gr-raw","2025-04-27T17:24:46.945Z","I_R02_2025-04-27","R2","2025-04-27T17:24:46.100Z","GR86-006-7",0,6,0,
"kafka:gr-raw","2025-04-27T17:24:46.945Z","I_R02_2025-04-27","R2","2025-04-27T17:24:46.098Z","GR86-006-7",0,5,148274,
"kafka:gr-raw","2025-04-27T17:22:18.781Z","I_R02_2025-04-27","R2","2025-04-27T17:22:17.859Z","GR86-006-7",0,4,148208,
"kafka:gr-raw","2025-04-27T17:19:50.328Z","I_R02_2025-04-27","R2","2025-04-27T17:19:49.618Z","GR86-006-7",0,3,148807,
"kafka:gr-raw","2025-04-27T17:17:22.713Z","I_R02_2025-04-27","R2","2025-04-27T17:17:20.779Z","GR86-006-7",0,2,149876,
"kafka:gr-raw","2025-04-27T17:14:51.990Z","I_R02_2025-04-27","R2","2025-04-27T17:14:50.938Z","GR86-006-7",0,1,224384,
"kafka:gr-raw","2025-04-27T17:11:08.140Z","I_R02_2025-04-27","R2","2025-04-27T17:11:06.513Z","GR86-006-7",0,32768,2405838,
"kafka:gr-raw","2025-04-27T18:05:20.440Z","I_R02_2025-04-27","R2","2025-04-27T18:05:17.051Z","GR86-010-16",0,19,226992,
"kafka:gr-raw","2025-04-27T18:01:32.121Z","I_R02_2025-04-27","R2","2025-04-27T18:01:30.091Z","GR86-010-16",0,18,150380,
"kafka:gr-raw","2025-04-27T17:59:06.595Z","I_R02_2025-04-27","R2","2025-04-27T17:58:59.681Z","GR86-010-16",0,17,148916,
"kafka:gr-raw","2025-04-27T17:56:32.739Z","I_R02_2025-04-27","R2","2025-04-27T17:56:30.771Z","GR86-010-16",0,16,150407,
"kafka:gr-raw","2025-04-27T17:54:01.881Z","I_R02_2025-04-27","R2","2025-04-27T17:54:00.371Z","GR86-010-16",0,15,215203,
"kafka:gr-raw","2025-04-27T17:50:26.958Z","I_R02_2025-04-27","R2","2025-04-27T17:50:25.171Z","GR86-010-16",0,14,212402,
"kafka:gr-raw","2025-04-27T17:46:55.628Z","I_R02_2025-04-27","R2","2025-04-27T17:46:52.761Z","GR86-010-16",0,13,157181,
"kafka:gr-raw","2025-04-27T17:44:19.811Z","I_R02_2025-04-27","R2","2025-04-27T17:44:15.561Z","GR86-010-16",0,12,148475,
"kafka:gr-raw","2025-04-27T17:41:51.137Z","I_R02_2025-04-27","R2","2025-04-27T17:41:47.091Z","GR86-010-16",0,11,150024,
"kafka:gr-raw","2025-04-27T17:39:19.834Z","I_R02_2025-04-27","R2","2025-04-27T17:39:17.051Z","GR86-010-16",0,10,199686,
"kafka:gr-raw","2025-04-27T17:35:58.802Z","I_R02_2025-04-27","R2","2025-04-27T17:35:57.371Z","GR86-010-16",0,9,211985,
"kafka:gr-raw","2025-04-27T17:32:26.499Z","I_R02_2025-04-27","R2","2025-04-27T17:32:25.371Z","GR86-010-16",0,8,154189,
"kafka:gr-raw","2025-04-27T17:29:52.547Z","I_R02_2025-04-27","R2","2025-04-27T17:29:51.181Z","GR86-010-16",0,7,148717,
"kafka:gr-raw","2025-04-27T17:27:26.267Z","I_R02_2025-04-27","R2","2025-04-27T17:27:22.491Z","GR86-010-16",0,6,149108,
"kafka:gr-raw","2025-04-27T17:24:54.153Z","I_R02_2025-04-27","R2","2025-04-27T17:24:53.371Z","GR86-010-16",0,5,149496,
"kafka:gr-raw","2025-04-27T17:22:25.717Z","I_R02_2025-04-27","R2","2025-04-27T17:22:23.891Z","GR86-010-16",0,4,149079,
"kafka:gr-raw","2025-04-27T17:19:55.931Z","I_R02_2025-04-27","R2","2025-04-27T17:19:54.819Z","GR86-010-16",0,3,149625,
"kafka:gr-raw","2025-04-27T17:17:28.197Z","I_R02_2025-04-27","R2","2025-04-27T17:17:25.141Z","GR86-010-16",0,2,153476,
"kafka:gr-raw","2025-04-27T17:14:52.308Z","I_R02_2025-04-27","R2","2025-04-27T17:14:51.699Z","GR86-010-16",0,1,215364,
"kafka:gr-raw","2025-04-27T17:11:18.539Z","I_R02_2025-04-27","R2","2025-04-27T17:11:16.331Z","GR86-010-16",0,32768,44,
"kafka:gr-raw","2025-04-27T17:11:18.538Z","I_R02_2025-04-27","R2","2025-04-27T17:11:16.252Z","GR86-010-16",0,1,0,
"kafka:gr-raw","2025-04-27T17:11:18.538Z","I_R02_2025-04-27","R2","2025-04-27T17:11:16.251Z","GR86-010-16",0,32768,2078808,
"kafka:gr-raw","2025-04-27T18:06:10.116Z","I_R02_2025-04-27","R2","2025-04-27T18:06:08.638Z","GR86-012-8",0,19,247103,
"kafka:gr-raw","2025-04-27T18:02:03.034Z","I_R02_2025-04-27","R2","2025-04-27T18:02:01.518Z","GR86-012-8",0,18,157412,
"kafka:gr-raw","2025-04-27T17:59:27.571Z","I_R02_2025-04-27","R2","2025-04-27T17:59:24.118Z","GR86-012-8",0,17,155897,
"kafka:gr-raw","2025-04-27T17:56:49.021Z","I_R02_2025-04-27","R2","2025-04-27T17:56:48.228Z","GR86-012-8",0,16,157092,
"kafka:gr-raw","2025-04-27T17:54:12.549Z","I_R02_2025-04-27","R2","2025-04-27T17:54:11.117Z","GR86-012-8",0,15,210256,
"kafka:gr-raw","2025-04-27T17:50:41.905Z","I_R02_2025-04-27","R2","2025-04-27T17:50:40.845Z","GR86-012-8",0,14,207900,
"kafka:gr-raw","2025-04-27T17:47:13.429Z","I_R02_2025-04-27","R2","2025-04-27T17:47:12.958Z","GR86-012-8",0,13,156149,
"kafka:gr-raw","2025-04-27T17:44:39.884Z","I_R02_2025-04-27","R2","2025-04-27T17:44:36.798Z","GR86-012-8",0,12,155127,
"kafka:gr-raw","2025-04-27T17:42:01.992Z","I_R02_2025-04-27","R2","2025-04-27T17:42:01.678Z","GR86-012-8",0,11,154385,
"kafka:gr-raw","2025-04-27T17:39:28.449Z","I_R02_2025-04-27","R2","2025-04-27T17:39:27.268Z","GR86-012-8",0,10,189980,
"kafka:gr-raw","2025-04-27T17:36:18.395Z","I_R02_2025-04-27","R2","2025-04-27T17:36:17.292Z","GR86-012-8",0,9,191179,
"kafka:gr-raw","2025-04-27T17:33:07.041Z","I_R02_2025-04-27","R2","2025-04-27T17:33:06.108Z","GR86-012-8",0,8,155486,
"kafka:gr-raw","2025-04-27T17:30:32.801Z","I_R02_2025-04-27","R2","2025-04-27T17:30:30.638Z","GR86-012-8",0,7,157555,
"kafka:gr-raw","2025-04-27T17:27:58.110Z","I_R02_2025-04-27","R2","2025-04-27T17:27:53.078Z","GR86-012-8",0,6,155780,
"kafka:gr-raw","2025-04-27T17:25:23.722Z","I_R02_2025-04-27","R2","2025-04-27T17:25:17.283Z","GR86-012-8",0,5,153573,
"kafka:gr-raw","2025-04-27T17:22:45.340Z","I_R02_2025-04-27","R2","2025-04-27T17:22:43.718Z","GR86-012-8",0,4,153322,
"kafka:gr-raw","2025-04-27T17:20:13.859Z","I_R02_2025-04-27","R2","2025-04-27T17:20:10.398Z","GR86-012-8",0,3,153365,
"kafka:gr-raw","2025-04-27T17:17:38.605Z","I_R02_2025-04-27","R2","2025-04-27T17:17:37.028Z","GR86-012-8",0,2,161605,
"kafka:gr-raw","2025-04-27T17:14:55.778Z","I_R02_2025-04-27","R2","2025-04-27T17:14:55.423Z","GR86-012-8",0,1,197082,
"kafka:gr-raw","2025-04-27T17:11:39.782Z","I_R02_2025-04-27","R2","2025-04-27T17:11:38.357Z","GR86-012-8",0,32768,43,
"kafka:gr-raw","2025-04-27T17:11:39.781Z","I_R02_2025-04-27","R2","2025-04-27T17:11:38.280Z","GR86-012-8",0,1,0,
"kafka:gr-raw","2025-04-27T17:11:39.781Z","I_R02_2025-04-27","R2","2025-04-27T17:11:38.278Z","GR86-012-8",0,32768,1712463,
"kafka:gr-raw","2025-04-27T17:58:14.138Z","I_R02_2025-04-27","R2","2025-04-27T17:58:13.205Z","GR86-013-80",0,4,389902,
"kafka:gr-raw","2025-04-27T17:44:45.143Z","I_R02_2025-04-27","R2","2025-04-27T17:44:43.365Z","GR86-013-80",0,3,155199,
"kafka:gr-raw","2025-04-27T17:42:08.432Z","I_R02_2025-04-27","R2","2025-04-27T17:42:08.164Z","GR86-013-80",0,2,155073,
"kafka:gr-raw","2025-04-27T17:39:34.081Z","I_R02_2025-04-27","R2","2025-04-27T17:39:33.085Z","GR86-013-80",0,1,161904,
"kafka:gr-raw","2025-04-27T17:36:54.550Z","I_R02_2025-04-27","R2","2025-04-27T17:36:51.180Z","GR86-013-80",0,32768,213326,
"kafka:gr-raw","2025-04-27T17:33:20.252Z","I_R02_2025-04-27","R2","2025-04-27T17:33:17.884Z","GR86-013-80",0,0,25856,
"kafka:gr-raw","2025-04-27T17:32:53.285Z","I_R02_2025-04-27","R2","2025-04-27T17:32:52.027Z","GR86-013-80",0,8,86824,
"kafka:gr-raw","2025-04-27T17:30:20.076Z","I_R02_2025-04-27","R2","2025-04-27T17:30:19.769Z","GR86-013-80",0,7,155384,
"kafka:gr-raw","2025-04-27T17:27:44.949Z","I_R02_2025-04-27","R2","2025-04-27T17:27:44.404Z","GR86-013-80",0,6,151505,
"kafka:gr-raw","2025-04-27T17:25:22.901Z","I_R02_2025-04-27","R2","2025-04-27T17:25:12.925Z","GR86-013-80",0,5,152085,
"kafka:gr-raw","2025-04-27T17:22:41.624Z","I_R02_2025-04-27","R2","2025-04-27T17:22:40.806Z","GR86-013-80",0,4,151810,
"kafka:gr-raw","2025-04-27T17:20:13.841Z","I_R02_2025-04-27","R2","2025-04-27T17:20:09.004Z","GR86-013-80",0,3,153509,
"kafka:gr-raw","2025-04-27T17:17:36.385Z","I_R02_2025-04-27","R2","2025-04-27T17:17:35.485Z","GR86-013-80",0,2,160996,
"kafka:gr-raw","2025-04-27T17:14:55.757Z","I_R02_2025-04-27","R2","2025-04-27T17:14:54.484Z","GR86-013-80",0,1,200100,
"kafka:gr-raw","2025-04-27T17:11:37.609Z","I_R02_2025-04-27","R2","2025-04-27T17:11:34.405Z","GR86-013-80",0,32768,1278291,
"kafka:gr-raw","2025-04-27T18:05:44.349Z","I_R02_2025-04-27","R2","2025-04-27T18:05:43.509Z","GR86-015-31",0,19,240960,
"kafka:gr-raw","2025-04-27T18:01:43.970Z","I_R02_2025-04-27","R2","2025-04-27T18:01:42.547Z","GR86-015-31",0,18,153861,
"kafka:gr-raw","2025-04-27T17:59:10.210Z","I_R02_2025-04-27","R2","2025-04-27T17:59:08.698Z","GR86-015-31",0,17,152720,
"kafka:gr-raw","2025-04-27T17:56:39.074Z","I_R02_2025-04-27","R2","2025-04-27T17:56:35.939Z","GR86-015-31",0,16,152599,
"kafka:gr-raw","2025-04-27T17:54:04.189Z","I_R02_2025-04-27","R2","2025-04-27T17:54:03.338Z","GR86-015-31",0,15,212481,
"kafka:gr-raw","2025-04-27T17:50:31.903Z","I_R02_2025-04-27","R2","2025-04-27T17:50:30.867Z","GR86-015-31",0,14,211539,
"kafka:gr-raw","2025-04-27T17:46:59.727Z","I_R02_2025-04-27","R2","2025-04-27T17:46:59.330Z","GR86-015-31",0,13,46,
"kafka:gr-raw","2025-04-27T17:46:59.727Z","I_R02_2025-04-27","R2","2025-04-27T17:46:59.261Z","GR86-015-31",0,14,0,
"kafka:gr-raw","2025-04-27T17:46:59.726Z","I_R02_2025-04-27","R2","2025-04-27T17:46:59.259Z","GR86-015-31",0,13,153721,
"kafka:gr-raw","2025-04-27T17:44:27.100Z","I_R02_2025-04-27","R2","2025-04-27T17:44:25.580Z","GR86-015-31",0,12,153460,
"kafka:gr-raw","2025-04-27T17:41:53.396Z","I_R02_2025-04-27","R2","2025-04-27T17:41:52.075Z","GR86-015-31",0,11,152730,
"kafka:gr-raw","2025-04-27T17:39:21.226Z","I_R02_2025-04-27","R2","2025-04-27T17:39:19.350Z","GR86-015-31",0,10,197004,
"kafka:gr-raw","2025-04-27T17:36:03.614Z","I_R02_2025-04-27","R2","2025-04-27T17:36:02.348Z","GR86-015-31",0,9,210039,
"kafka:gr-raw","2025-04-27T17:32:36.559Z","I_R02_2025-04-27","R2","2025-04-27T17:32:32.299Z","GR86-015-31",0,8,155349,
"kafka:gr-raw","2025-04-27T17:29:58.578Z","I_R02_2025-04-27","R2","2025-04-27T17:29:56.940Z","GR86-015-31",0,7,149382,
"kafka:gr-raw","2025-04-27T17:27:28.770Z","I_R02_2025-04-27","R2","2025-04-27T17:27:27.580Z","GR86-015-31",0,6,94410,
"kafka:gr-raw","2025-04-27T17:25:55.847Z","I_R02_2025-04-27","R2","2025-04-27T17:25:53.180Z","GR86-015-31",0,5,204990,
"kafka:gr-raw","2025-04-27T17:22:29.451Z","I_R02_2025-04-27","R2","2025-04-27T17:22:28.170Z","GR86-015-31",0,4,151220,
"kafka:gr-raw","2025-04-27T17:19:58.117Z","I_R02_2025-04-27","R2","2025-04-27T17:19:56.939Z","GR86-015-31",0,3,150255,
"kafka:gr-raw","2025-04-27T17:17:28.539Z","I_R02_2025-04-27","R2","2025-04-27T17:17:26.683Z","GR86-015-31",0,2,154306,
"kafka:gr-raw","2025-04-27T17:14:54.014Z","I_R02_2025-04-27","R2","2025-04-27T17:14:52.380Z","GR86-015-31",0,1,210896,
"kafka:gr-raw","2025-04-27T17:11:22.683Z","I_R02_2025-04-27","R2","2025-04-27T17:11:21.469Z","GR86-015-31",0,32768,2215151,
"kafka:gr-raw","2025-04-27T18:05:20.742Z","I_R02_2025-04-27","R2","2025-04-27T18:05:19.849Z","GR86-016-55",0,19,228438,
"kafka:gr-raw","2025-04-27T18:01:32.238Z","I_R02_2025-04-27","R2","2025-04-27T18:01:31.384Z","GR86-016-55",0,18,150500,
"kafka:gr-raw","2025-04-27T17:59:06.767Z","I_R02_2025-04-27","R2","2025-04-27T17:59:00.890Z","GR86-016-55",0,17,148977,
"kafka:gr-raw","2025-04-27T17:56:32.824Z","I_R02_2025-04-27","R2","2025-04-27T17:56:31.896Z","GR86-016-55",0,16,150579,
"kafka:gr-raw","2025-04-27T17:54:02.010Z","I_R02_2025-04-27","R2","2025-04-27T17:54:01.330Z","GR86-016-55",0,15,213611,
"kafka:gr-raw","2025-04-27T17:50:28.883Z","I_R02_2025-04-27","R2","2025-04-27T17:50:27.704Z","GR86-016-55",0,14,211912,
"kafka:gr-raw","2025-04-27T17:46:56.298Z","I_R02_2025-04-27","R2","2025-04-27T17:46:55.800Z","GR86-016-55",0,13,156917,
"kafka:gr-raw","2025-04-27T17:44:20.008Z","I_R02_2025-04-27","R2","2025-04-27T17:44:18.888Z","GR86-016-55",0,12,149416,
"kafka:gr-raw","2025-04-27T17:41:51.026Z","I_R02_2025-04-27","R2","2025-04-27T17:41:49.450Z","GR86-016-55",0,11,151774,
"kafka:gr-raw","2025-04-27T17:39:19.946Z","I_R02_2025-04-27","R2","2025-04-27T17:39:17.690Z","GR86-016-55",0,10,198780,
"kafka:gr-raw","2025-04-27T17:36:00.238Z","I_R02_2025-04-27","R2","2025-04-27T17:35:58.930Z","GR86-016-55",0,9,210910,
"kafka:gr-raw","2025-04-27T17:32:29.314Z","I_R02_2025-04-27","R2","2025-04-27T17:32:28.018Z","GR86-016-55",0,8,156310,
"kafka:gr-raw","2025-04-27T17:29:52.691Z","I_R02_2025-04-27","R2","2025-04-27T17:29:51.689Z","GR86-016-55",0,7,149357,
"kafka:gr-raw","2025-04-27T17:27:26.495Z","I_R02_2025-04-27","R2","2025-04-27T17:27:22.338Z","GR86-016-55",0,6,150333,
"kafka:gr-raw","2025-04-27T17:24:52.567Z","I_R02_2025-04-27","R2","2025-04-27T17:24:52.009Z","GR86-016-55",0,5,150081,
"kafka:gr-raw","2025-04-27T17:22:23.376Z","I_R02_2025-04-27","R2","2025-04-27T17:22:21.889Z","GR86-016-55",0,4,149286,
"kafka:gr-raw","2025-04-27T17:19:53.462Z","I_R02_2025-04-27","R2","2025-04-27T17:19:52.599Z","GR86-016-55",0,3,148690,
"kafka:gr-raw","2025-04-27T17:17:28.735Z","I_R02_2025-04-27","R2","2025-04-27T17:17:23.920Z","GR86-016-55",0,2,152707,
"kafka:gr-raw","2025-04-27T17:14:52.330Z","I_R02_2025-04-27","R2","2025-04-27T17:14:51.218Z","GR86-016-55",0,1,220407,
"kafka:gr-raw","2025-04-27T17:11:11.230Z","I_R02_2025-04-27","R2","2025-04-27T17:11:10.811Z","GR86-016-55",0,32768,1983605,
"kafka:gr-raw","2025-04-27T18:05:54.570Z","I_R02_2025-04-27","R2","2025-04-27T18:05:52.992Z","GR86-021-86",0,19,243294,
"kafka:gr-raw","2025-04-27T18:01:50.651Z","I_R02_2025-04-27","R2","2025-04-27T18:01:49.706Z","GR86-021-86",0,18,153823,
"kafka:gr-raw","2025-04-27T17:59:19.049Z","I_R02_2025-04-27","R2","2025-04-27T17:59:15.907Z","GR86-021-86",0,17,153074,
"kafka:gr-raw","2025-04-27T17:56:44.926Z","I_R02_2025-04-27","R2","2025-04-27T17:56:42.827Z","GR86-021-86",0,16,153307,
"kafka:gr-raw","2025-04-27T17:54:09.680Z","I_R02_2025-04-27","R2","2025-04-27T17:54:09.497Z","GR86-021-86",0,15,209284,
"kafka:gr-raw","2025-04-27T17:50:41.546Z","I_R02_2025-04-27","R2","2025-04-27T17:50:40.226Z","GR86-021-86",0,14,211317,
"kafka:gr-raw","2025-04-27T17:47:10.350Z","I_R02_2025-04-27","R2","2025-04-27T17:47:08.911Z","GR86-021-86",0,13,156978,
"kafka:gr-raw","2025-04-27T17:44:33.308Z","I_R02_2025-04-27","R2","2025-04-27T17:44:31.907Z","GR86-021-86",0,12,151922,
"kafka:gr-raw","2025-04-27T17:42:00.824Z","I_R02_2025-04-27","R2","2025-04-27T17:41:59.987Z","GR86-021-86",0,11,154278,
"kafka:gr-raw","2025-04-27T17:39:26.902Z","I_R02_2025-04-27","R2","2025-04-27T17:39:25.707Z","GR86-021-86",0,10,190422,
"kafka:gr-raw","2025-04-27T17:36:16.068Z","I_R02_2025-04-27","R2","2025-04-27T17:36:15.268Z","GR86-021-86",0,9,194368,
"kafka:gr-raw","2025-04-27T17:33:02.394Z","I_R02_2025-04-27","R2","2025-04-27T17:33:00.907Z","GR86-021-86",0,8,159023,
"kafka:gr-raw","2025-04-27T17:30:22.358Z","I_R02_2025-04-27","R2","2025-04-27T17:30:21.896Z","GR86-021-86",0,7,153300,
"kafka:gr-raw","2025-04-27T17:27:50.386Z","I_R02_2025-04-27","R2","2025-04-27T17:27:48.587Z","GR86-021-86",0,6,153491,
"kafka:gr-raw","2025-04-27T17:25:23.187Z","I_R02_2025-04-27","R2","2025-04-27T17:25:15.107Z","GR86-021-86",0,5,152597,
"kafka:gr-raw","2025-04-27T17:22:42.870Z","I_R02_2025-04-27","R2","2025-04-27T17:22:42.472Z","GR86-021-86",0,4,152588,
"kafka:gr-raw","2025-04-27T17:20:13.981Z","I_R02_2025-04-27","R2","2025-04-27T17:20:09.871Z","GR86-021-86",0,3,154665,
"kafka:gr-raw","2025-04-27T17:17:36.619Z","I_R02_2025-04-27","R2","2025-04-27T17:17:35.227Z","GR86-021-86",0,2,160535,
"kafka:gr-raw","2025-04-27T17:14:55.705Z","I_R02_2025-04-27","R2","2025-04-27T17:14:54.696Z","GR86-021-86",0,1,196890,
"kafka:gr-raw","2025-04-27T17:11:38.175Z","I_R02_2025-04-27","R2","2025-04-27T17:11:37.776Z","GR86-021-86",0,32768,1208891,
"kafka:gr-raw","2025-04-27T18:05:12.417Z","I_R02_2025-04-27","R2","2025-04-27T18:05:10.408Z","GR86-022-13",0,19,225097,
"kafka:gr-raw","2025-04-27T18:01:26.416Z","I_R02_2025-04-27","R2","2025-04-27T18:01:25.307Z","GR86-022-13",0,18,149119,
"kafka:gr-raw","2025-04-27T17:59:05.155Z","I_R02_2025-04-27","R2","2025-04-27T17:58:56.185Z","GR86-022-13",0,17,148104,
"kafka:gr-raw","2025-04-27T17:56:32.116Z","I_R02_2025-04-27","R2","2025-04-27T17:56:28.097Z","GR86-022-13",0,16,148993,
"kafka:gr-raw","2025-04-27T17:53:59.916Z","I_R02_2025-04-27","R2","2025-04-27T17:53:59.096Z","GR86-022-13",0,15,217297,
"kafka:gr-raw","2025-04-27T17:50:22.414Z","I_R02_2025-04-27","R2","2025-04-27T17:50:21.825Z","GR86-022-13",0,14,213980,
"kafka:gr-raw","2025-04-27T17:46:48.810Z","I_R02_2025-04-27","R2","2025-04-27T17:46:47.796Z","GR86-022-13",0,13,154703,
"kafka:gr-raw","2025-04-27T17:44:15.187Z","I_R02_2025-04-27","R2","2025-04-27T17:44:13.086Z","GR86-022-13",0,12,148321,
"kafka:gr-raw","2025-04-27T17:41:50.383Z","I_R02_2025-04-27","R2","2025-04-27T17:41:44.816Z","GR86-022-13",0,11,148679,
"kafka:gr-raw","2025-04-27T17:39:19.559Z","I_R02_2025-04-27","R2","2025-04-27T17:39:16.097Z","GR86-022-13",0,10,201509,
"kafka:gr-raw","2025-04-27T17:35:56.238Z","I_R02_2025-04-27","R2","2025-04-27T17:35:54.607Z","GR86-022-13",0,9,212500,
"kafka:gr-raw","2025-04-27T17:32:23.898Z","I_R02_2025-04-27","R2","2025-04-27T17:32:22.097Z","GR86-022-13",0,8,153386,
"kafka:gr-raw","2025-04-27T17:29:49.112Z","I_R02_2025-04-27","R2","2025-04-27T17:29:48.696Z","GR86-022-13",0,7,148204,
"kafka:gr-raw","2025-04-27T17:27:21.474Z","I_R02_2025-04-27","R2","2025-04-27T17:27:20.504Z","GR86-022-13",0,6,149169,
"kafka:gr-raw","2025-04-27T17:24:52.625Z","I_R02_2025-04-27","R2","2025-04-27T17:24:51.326Z","GR86-022-13",0,5,149800,
"kafka:gr-raw","2025-04-27T17:22:23.411Z","I_R02_2025-04-27","R2","2025-04-27T17:22:21.537Z","GR86-022-13",0,4,148416,
"kafka:gr-raw","2025-04-27T17:19:53.497Z","I_R02_2025-04-27","R2","2025-04-27T17:19:53.086Z","GR86-022-13",0,3,148414,
"kafka:gr-raw","2025-04-27T17:17:28.364Z","I_R02_2025-04-27","R2","2025-04-27T17:17:24.694Z","GR86-022-13",0,2,153186,
"kafka:gr-raw","2025-04-27T17:14:52.015Z","I_R02_2025-04-27","R2","2025-04-27T17:14:51.496Z","GR86-022-13",0,1,215468,
"kafka:gr-raw","2025-04-27T17:11:19.113Z","I_R02_2025-04-27","R2","2025-04-27T17:11:16.018Z","GR86-022-13",0,32768,2657568,
"kafka:gr-raw","2025-04-27T18:05:27.563Z","I_R02_2025-04-27","R2","2025-04-27T18:05:26.808Z","GR86-024-41",0,19,232767,
"kafka:gr-raw","2025-04-27T18:01:34.525Z","I_R02_2025-04-27","R2","2025-04-27T18:01:34.038Z","GR86-024-41",0,18,46,
"kafka:gr-raw","2025-04-27T18:01:34.375Z","I_R02_2025-04-27","R2","2025-04-27T18:01:33.970Z","GR86-024-41",0,19,0,
"kafka:gr-raw","2025-04-27T18:01:34.375Z","I_R02_2025-04-27","R2","2025-04-27T18:01:33.968Z","GR86-024-41",0,18,150221,
"kafka:gr-raw","2025-04-27T17:59:06.716Z","I_R02_2025-04-27","R2","2025-04-27T17:59:03.719Z","GR86-024-41",0,17,150245,
"kafka:gr-raw","2025-04-27T17:56:36.536Z","I_R02_2025-04-27","R2","2025-04-27T17:56:33.488Z","GR86-024-41",0,16,150816,
"kafka:gr-raw","2025-04-27T17:54:04.233Z","I_R02_2025-04-27","R2","2025-04-27T17:54:02.653Z","GR86-024-41",0,15,212660,
"kafka:gr-raw","2025-04-27T17:50:30.283Z","I_R02_2025-04-27","R2","2025-04-27T17:50:30.016Z","GR86-024-41",0,14,211446,
"kafka:gr-raw","2025-04-27T17:46:59.676Z","I_R02_2025-04-27","R2","2025-04-27T17:46:58.543Z","GR86-024-41",0,13,153777,
"kafka:gr-raw","2025-04-27T17:44:25.623Z","I_R02_2025-04-27","R2","2025-04-27T17:44:24.758Z","GR86-024-41",0,12,152505,
"kafka:gr-raw","2025-04-27T17:41:53.458Z","I_R02_2025-04-27","R2","2025-04-27T17:41:52.288Z","GR86-024-41",0,11,153107,
"kafka:gr-raw","2025-04-27T17:39:21.275Z","I_R02_2025-04-27","R2","2025-04-27T17:39:19.157Z","GR86-024-41",0,10,197265,
"kafka:gr-raw","2025-04-27T17:36:02.090Z","I_R02_2025-04-27","R2","2025-04-27T17:36:01.889Z","GR86-024-41",0,9,209911,
"kafka:gr-raw","2025-04-27T17:32:36.724Z","I_R02_2025-04-27","R2","2025-04-27T17:32:31.968Z","GR86-024-41",0,8,156289,
"kafka:gr-raw","2025-04-27T17:29:56.661Z","I_R02_2025-04-27","R2","2025-04-27T17:29:55.767Z","GR86-024-41",0,7,149011,
"kafka:gr-raw","2025-04-27T17:27:28.692Z","I_R02_2025-04-27","R2","2025-04-27T17:27:26.678Z","GR86-024-41",0,6,148978,
"kafka:gr-raw","2025-04-27T17:24:59.652Z","I_R02_2025-04-27","R2","2025-04-27T17:24:57.688Z","GR86-024-41",0,5,149734,
"kafka:gr-raw","2025-04-27T17:22:29.586Z","I_R02_2025-04-27","R2","2025-04-27T17:22:27.946Z","GR86-024-41",0,4,150596,
"kafka:gr-raw","2025-04-27T17:19:58.029Z","I_R02_2025-04-27","R2","2025-04-27T17:19:57.333Z","GR86-024-41",0,3,150260,
"kafka:gr-raw","2025-04-27T17:17:28.297Z","I_R02_2025-04-27","R2","2025-04-27T17:17:27.078Z","GR86-024-41",0,2,155100,
"kafka:gr-raw","2025-04-27T17:14:52.418Z","I_R02_2025-04-27","R2","2025-04-27T17:14:51.998Z","GR86-024-41",0,1,212811,
"kafka:gr-raw","2025-04-27T17:11:20.707Z","I_R02_2025-04-27","R2","2025-04-27T17:11:19.168Z","GR86-024-41",0,32768,2098654,
"kafka:gr-raw","2025-04-27T18:05:29.328Z","I_R02_2025-04-27","R2","2025-04-27T18:05:28.710Z","GR86-025-47",0,18,232000,
"kafka:gr-raw","2025-04-27T18:01:38.002Z","I_R02_2025-04-27","R2","2025-04-27T18:01:36.799Z","GR86-025-47",0,17,150980,
"kafka:gr-raw","2025-04-27T17:59:08.025Z","I_R02_2025-04-27","R2","2025-04-27T17:59:05.749Z","GR86-025-47",0,16,151420,
"kafka:gr-raw","2025-04-27T17:56:36.601Z","I_R02_2025-04-27","R2","2025-04-27T17:56:34.300Z","GR86-025-47",0,15,152600,
"kafka:gr-raw","2025-04-27T17:54:02.101Z","I_R02_2025-04-27","R2","2025-04-27T17:54:01.700Z","GR86-025-47",0,14,213512,
"kafka:gr-raw","2025-04-27T17:50:28.810Z","I_R02_2025-04-27","R2","2025-04-27T17:50:28.197Z","GR86-025-47",0,13,211778,
"kafka:gr-raw","2025-04-27T17:46:58.276Z","I_R02_2025-04-27","R2","2025-04-27T17:46:56.430Z","GR86-025-47",0,12,157110,
"kafka:gr-raw","2025-04-27T17:44:19.946Z","I_R02_2025-04-27","R2","2025-04-27T17:44:19.280Z","GR86-025-47",0,11,149507,
"kafka:gr-raw","2025-04-27T17:41:50.978Z","I_R02_2025-04-27","R2","2025-04-27T17:41:49.793Z","GR86-025-47",0,10,151383,
"kafka:gr-raw","2025-04-27T17:39:20.038Z","I_R02_2025-04-27","R2","2025-04-27T17:39:18.420Z","GR86-025-47",0,9,197600,
"kafka:gr-raw","2025-04-27T17:36:01.723Z","I_R02_2025-04-27","R2","2025-04-27T17:36:00.819Z","GR86-025-47",0,8,209599,
"kafka:gr-raw","2025-04-27T17:32:36.512Z","I_R02_2025-04-27","R2","2025-04-27T17:32:31.190Z","GR86-025-47",0,7,158490,
"kafka:gr-raw","2025-04-27T17:29:52.989Z","I_R02_2025-04-27","R2","2025-04-27T17:29:52.710Z","GR86-025-47",0,6,149721,
"kafka:gr-raw","2025-04-27T17:27:26.334Z","I_R02_2025-04-27","R2","2025-04-27T17:27:22.997Z","GR86-025-47",0,5,149200,
"kafka:gr-raw","2025-04-27T17:24:54.079Z","I_R02_2025-04-27","R2","2025-04-27T17:24:53.789Z","GR86-025-47",0,4,150089,
"kafka:gr-raw","2025-04-27T17:22:25.696Z","I_R02_2025-04-27","R2","2025-04-27T17:22:23.711Z","GR86-025-47",0,3,149378,
"kafka:gr-raw","2025-04-27T17:19:55.980Z","I_R02_2025-04-27","R2","2025-04-27T17:19:54.311Z","GR86-025-47",0,2,149421,
"kafka:gr-raw","2025-04-27T17:17:28.440Z","I_R02_2025-04-27","R2","2025-04-27T17:17:24.909Z","GR86-025-47",0,1,153080,
"kafka:gr-raw","2025-04-27T17:14:52.272Z","I_R02_2025-04-27","R2","2025-04-27T17:14:51.800Z","GR86-025-47",0,32768,276798,
"kafka:gr-raw","2025-04-27T17:05:04.155Z","I_R02_2025-04-27","R2","2025-04-27T17:04:58.696Z","GR86-025-47",0,0,33070,
"kafka:gr-raw","2025-04-27T17:04:27.293Z","I_R02_2025-04-27","R2","2025-04-27T17:04:25.616Z","GR86-025-47",0,32768,699453,
"kafka:gr-raw","2025-04-27T18:05:50.435Z","I_R02_2025-04-27","R2","2025-04-27T18:05:49.885Z","GR86-026-72",0,20,30839,
"kafka:gr-raw","2025-04-27T18:04:54.313Z","I_R02_2025-04-27","R2","2025-04-27T18:04:49.635Z","GR86-026-72",0,19,200209,
"kafka:gr-raw","2025-04-27T18:01:29.859Z","I_R02_2025-04-27","R2","2025-04-27T18:01:29.406Z","GR86-026-72",0,18,149894,
"kafka:gr-raw","2025-04-27T17:59:06.229Z","I_R02_2025-04-27","R2","2025-04-27T17:58:59.475Z","GR86-026-72",0,17,149092,
"kafka:gr-raw","2025-04-27T17:56:32.106Z","I_R02_2025-04-27","R2","2025-04-27T17:56:30.395Z","GR86-026-72",0,16,150396,
"kafka:gr-raw","2025-04-27T17:54:01.916Z","I_R02_2025-04-27","R2","2025-04-27T17:54:00.011Z","GR86-026-72",0,15,215908,
"kafka:gr-raw","2025-04-27T17:50:24.812Z","I_R02_2025-04-27","R2","2025-04-27T17:50:24.086Z","GR86-026-72",0,14,214487,
"kafka:gr-raw","2025-04-27T17:46:50.662Z","I_R02_2025-04-27","R2","2025-04-27T17:46:49.607Z","GR86-026-72",0,13,154279,
"kafka:gr-raw","2025-04-27T17:44:19.505Z","I_R02_2025-04-27","R2","2025-04-27T17:44:15.315Z","GR86-026-72",0,12,149117,
"kafka:gr-raw","2025-04-27T17:41:50.359Z","I_R02_2025-04-27","R2","2025-04-27T17:41:46.195Z","GR86-026-72",0,11,149400,
"kafka:gr-raw","2025-04-27T17:39:19.065Z","I_R02_2025-04-27","R2","2025-04-27T17:39:16.756Z","GR86-026-72",0,10,201396,
"kafka:gr-raw","2025-04-27T17:35:56.232Z","I_R02_2025-04-27","R2","2025-04-27T17:35:55.366Z","GR86-026-72",0,9,212157,
"kafka:gr-raw","2025-04-27T17:32:25.951Z","I_R02_2025-04-27","R2","2025-04-27T17:32:23.286Z","GR86-026-72",0,8,153344,
"kafka:gr-raw","2025-04-27T17:29:50.519Z","I_R02_2025-04-27","R2","2025-04-27T17:29:49.850Z","GR86-026-72",0,7,148886,
"kafka:gr-raw","2025-04-27T17:27:21.468Z","I_R02_2025-04-27","R2","2025-04-27T17:27:21.007Z","GR86-026-72",0,6,149886,
"kafka:gr-raw","2025-04-27T17:24:52.621Z","I_R02_2025-04-27","R2","2025-04-27T17:24:51.080Z","GR86-026-72",0,5,149911,
"kafka:gr-raw","2025-04-27T17:22:21.505Z","I_R02_2025-04-27","R2","2025-04-27T17:22:21.166Z","GR86-026-72",0,4,150006,
"kafka:gr-raw","2025-04-27T17:19:51.919Z","I_R02_2025-04-27","R2","2025-04-27T17:19:51.166Z","GR86-026-72",0,3,148689,
"kafka:gr-raw","2025-04-27T17:17:22.872Z","I_R02_2025-04-27","R2","2025-04-27T17:17:22.485Z","GR86-026-72",0,2,151171,
"kafka:gr-raw","2025-04-27T17:14:52.005Z","I_R02_2025-04-27","R2","2025-04-27T17:14:51.286Z","GR86-026-72",0,1,219485,
"kafka:gr-raw","2025-04-27T17:11:13.206Z","I_R02_2025-04-27","R2","2025-04-27T17:11:11.845Z","GR86-026-72",0,32768,1594393,
"kafka:gr-raw","2025-04-27T18:05:46.195Z","I_R02_2025-04-27","R2","2025-04-27T18:05:45.699Z","GR86-028-89",0,19,244853,
"kafka:gr-raw","2025-04-27T18:01:42.836Z","I_R02_2025-04-27","R2","2025-04-27T18:01:40.809Z","GR86-028-89",0,18,151713,
"kafka:gr-raw","2025-04-27T17:59:16.733Z","I_R02_2025-04-27","R2","2025-04-27T17:59:09.088Z","GR86-028-89",0,17,152581,
"kafka:gr-raw","2025-04-27T17:56:39.165Z","I_R02_2025-04-27","R2","2025-04-27T17:56:36.498Z","GR86-028-89",0,16,151583,
"kafka:gr-raw","2025-04-27T17:54:06.371Z","I_R02_2025-04-27","R2","2025-04-27T17:54:04.904Z","GR86-028-89",0,15,211416,
"kafka:gr-raw","2025-04-27T17:50:33.807Z","I_R02_2025-04-27","R2","2025-04-27T17:50:33.491Z","GR86-028-89",0,14,212661,
"kafka:gr-raw","2025-04-27T17:47:03.032Z","I_R02_2025-04-27","R2","2025-04-27T17:47:00.818Z","GR86-028-89",0,13,154467,
"kafka:gr-raw","2025-04-27T17:44:27.178Z","I_R02_2025-04-27","R2","2025-04-27T17:44:26.341Z","GR86-028-89",0,12,0,
"kafka:gr-raw","2025-04-27T17:44:27.178Z","I_R02_2025-04-27","R2","2025-04-27T17:44:26.341Z","GR86-028-89",0,13,0,
"kafka:gr-raw","2025-04-27T17:44:27.178Z","I_R02_2025-04-27","R2","2025-04-27T17:44:26.339Z","GR86-028-89",0,12,153540,
"kafka:gr-raw","2025-04-27T17:41:53.420Z","I_R02_2025-04-27","R2","2025-04-27T17:41:52.784Z","GR86-028-89",0,11,152603,
"kafka:gr-raw","2025-04-27T17:39:21.446Z","I_R02_2025-04-27","R2","2025-04-27T17:39:20.168Z","GR86-028-89",0,10,196369,
"kafka:gr-raw","2025-04-27T17:36:05.799Z","I_R02_2025-04-27","R2","2025-04-27T17:36:03.858Z","GR86-028-89",0,9,210484,
"kafka:gr-raw","2025-04-27T17:32:36.712Z","I_R02_2025-04-27","R2","2025-04-27T17:32:33.299Z","GR86-028-89",0,8,153816,
"kafka:gr-raw","2025-04-27T17:30:00.291Z","I_R02_2025-04-27","R2","2025-04-27T17:29:59.499Z","GR86-028-89",0,7,149377,
"kafka:gr-raw","2025-04-27T17:27:34.642Z","I_R02_2025-04-27","R2","2025-04-27T17:27:30.099Z","GR86-028-89",0,6,150313,
"kafka:gr-raw","2025-04-27T17:25:01.598Z","I_R02_2025-04-27","R2","2025-04-27T17:24:59.768Z","GR86-028-89",0,5,150267,
"kafka:gr-raw","2025-04-27T17:22:31.368Z","I_R02_2025-04-27","R2","2025-04-27T17:22:29.499Z","GR86-028-89",0,4,150923,
"kafka:gr-raw","2025-04-27T17:19:59.675Z","I_R02_2025-04-27","R2","2025-04-27T17:19:58.579Z","GR86-028-89",0,3,150477,
"kafka:gr-raw","2025-04-27T17:17:29.759Z","I_R02_2025-04-27","R2","2025-04-27T17:17:28.098Z","GR86-028-89",0,2,155493,
"kafka:gr-raw","2025-04-27T17:14:54.095Z","I_R02_2025-04-27","R2","2025-04-27T17:14:52.619Z","GR86-028-89",0,1,209306,
"kafka:gr-raw","2025-04-27T17:11:26.265Z","I_R02_2025-04-27","R2","2025-04-27T17:11:23.269Z","GR86-028-89",0,32768,1197319,
"kafka:gr-raw","2025-04-27T17:59:10.377Z","I_R02_2025-04-27","R2","2025-04-27T17:59:08.982Z","GR86-029-14",0,17,151880,
"kafka:gr-raw","2025-04-27T17:56:39.104Z","I_R02_2025-04-27","R2","2025-04-27T17:56:37.102Z","GR86-029-14",0,16,150800,
"kafka:gr-raw","2025-04-27T17:54:07.691Z","I_R02_2025-04-27","R2","2025-04-27T17:54:06.302Z","GR86-029-14",0,15,210721,
"kafka:gr-raw","2025-04-27T17:50:35.880Z","I_R02_2025-04-27","R2","2025-04-27T17:50:35.581Z","GR86-029-14",0,14,213089,
"kafka:gr-raw","2025-04-27T17:47:03.109Z","I_R02_2025-04-27","R2","2025-04-27T17:47:02.502Z","GR86-029-14",0,13,154401,
"kafka:gr-raw","2025-04-27T17:44:28.543Z","I_R02_2025-04-27","R2","2025-04-27T17:44:28.102Z","GR86-029-14",0,12,154066,
"kafka:gr-raw","2025-04-27T17:41:55.155Z","I_R02_2025-04-27","R2","2025-04-27T17:41:54.012Z","GR86-029-14",0,11,151667,
"kafka:gr-raw","2025-04-27T17:39:22.612Z","I_R02_2025-04-27","R2","2025-04-27T17:39:22.342Z","GR86-029-14",0,10,193044,
"kafka:gr-raw","2025-04-27T17:36:10.760Z","I_R02_2025-04-27","R2","2025-04-27T17:36:09.302Z","GR86-029-14",0,9,207912,
"kafka:gr-raw","2025-04-27T17:32:42.376Z","I_R02_2025-04-27","R2","2025-04-27T17:32:41.382Z","GR86-029-14",0,8,155091,
"kafka:gr-raw","2025-04-27T17:30:07.291Z","I_R02_2025-04-27","R2","2025-04-27T17:30:06.277Z","GR86-029-14",0,7,151599,
"kafka:gr-raw","2025-04-27T17:27:36.312Z","I_R02_2025-04-27","R2","2025-04-27T17:27:34.702Z","GR86-029-14",0,6,150901,
"kafka:gr-raw","2025-04-27T17:25:04.925Z","I_R02_2025-04-27","R2","2025-04-27T17:25:03.852Z","GR86-029-14",0,5,152480,
"kafka:gr-raw","2025-04-27T17:22:33.119Z","I_R02_2025-04-27","R2","2025-04-27T17:22:31.291Z","GR86-029-14",0,4,149893,
"kafka:gr-raw","2025-04-27T17:20:01.711Z","I_R02_2025-04-27","R2","2025-04-27T17:20:01.387Z","GR86-029-14",0,3,151726,
"kafka:gr-raw","2025-04-27T17:17:29.930Z","I_R02_2025-04-27","R2","2025-04-27T17:17:29.702Z","GR86-029-14",0,2,156270,
"kafka:gr-raw","2025-04-27T17:14:54.219Z","I_R02_2025-04-27","R2","2025-04-27T17:14:53.422Z","GR86-029-14",0,1,206711,
"kafka:gr-raw","2025-04-27T17:11:27.504Z","I_R02_2025-04-27","R2","2025-04-27T17:11:26.702Z","GR86-029-14",0,32768,1193817,
"kafka:gr-raw","2025-04-27T17:48:52.600Z","I_R02_2025-04-27","R2","2025-04-27T17:48:50.306Z","GR86-030-18",0,0,25769,
"kafka:gr-raw","2025-04-27T17:48:26.197Z","I_R02_2025-04-27","R2","2025-04-27T17:48:24.547Z","GR86-030-18",0,13,150837,
"kafka:gr-raw","2025-04-27T17:44:33.776Z","I_R02_2025-04-27","R2","2025-04-27T17:44:30.324Z","GR86-030-18",0,12,152976,
"kafka:gr-raw","2025-04-27T17:42:00.522Z","I_R02_2025-04-27","R2","2025-04-27T17:41:57.396Z","GR86-030-18",0,11,152803,
"kafka:gr-raw","2025-04-27T17:39:26.890Z","I_R02_2025-04-27","R2","2025-04-27T17:39:24.706Z","GR86-030-18",0,10,191032,
"kafka:gr-raw","2025-04-27T17:36:14.604Z","I_R02_2025-04-27","R2","2025-04-27T17:36:13.516Z","GR86-030-18",0,9,194897,
"kafka:gr-raw","2025-04-27T17:33:02.379Z","I_R02_2025-04-27","R2","2025-04-27T17:32:58.587Z","GR86-030-18",0,8,157692,
"kafka:gr-raw","2025-04-27T17:30:22.345Z","I_R02_2025-04-27","R2","2025-04-27T17:30:20.956Z","GR86-030-18",0,7,155392,
"kafka:gr-raw","2025-04-27T17:27:46.308Z","I_R02_2025-04-27","R2","2025-04-27T17:27:45.516Z","GR86-030-18",0,6,152107,
"kafka:gr-raw","2025-04-27T17:25:22.781Z","I_R02_2025-04-27","R2","2025-04-27T17:25:13.396Z","GR86-030-18",0,5,153202,
"kafka:gr-raw","2025-04-27T17:22:41.820Z","I_R02_2025-04-27","R2","2025-04-27T17:22:40.197Z","GR86-030-18",0,4,152877,
"kafka:gr-raw","2025-04-27T17:20:08.532Z","I_R02_2025-04-27","R2","2025-04-27T17:20:07.299Z","GR86-030-18",0,3,152806,
"kafka:gr-raw","2025-04-27T17:17:36.604Z","I_R02_2025-04-27","R2","2025-04-27T17:17:34.481Z","GR86-030-18",0,2,159802,
"kafka:gr-raw","2025-04-27T17:14:55.700Z","I_R02_2025-04-27","R2","2025-04-27T17:14:54.694Z","GR86-030-18",0,1,198496,
"kafka:gr-raw","2025-04-27T17:11:37.938Z","I_R02_2025-04-27","R2","2025-04-27T17:11:36.196Z","GR86-030-18",0,32768,710273,
"kafka:gr-raw","2025-04-27T18:14:26.971Z","I_R02_2025-04-27","R2","2025-04-27T18:14:23.117Z","GR86-032-15",0,20,50858,
"kafka:gr-raw","2025-04-27T18:05:42.345Z","I_R02_2025-04-27","R2","2025-04-27T18:05:41.631Z","GR86-032-15",0,19,241271,
"kafka:gr-raw","2025-04-27T18:01:40.783Z","I_R02_2025-04-27","R2","2025-04-27T18:01:40.327Z","GR86-032-15",0,18,151139,
"kafka:gr-raw","2025-04-27T17:59:10.255Z","I_R02_2025-04-27","R2","2025-04-27T17:59:09.192Z","GR86-032-15",0,17,153665,
"kafka:gr-raw","2025-04-27T17:56:36.728Z","I_R02_2025-04-27","R2","2025-04-27T17:56:35.516Z","GR86-032-15",0,16,151231,
"kafka:gr-raw","2025-04-27T17:54:04.568Z","I_R02_2025-04-27","R2","2025-04-27T17:54:04.303Z","GR86-032-15",0,15,211524,
"kafka:gr-raw","2025-04-27T17:50:33.580Z","I_R02_2025-04-27","R2","2025-04-27T17:50:32.792Z","GR86-032-15",0,14,212570,
"kafka:gr-raw","2025-04-27T17:47:02.998Z","I_R02_2025-04-27","R2","2025-04-27T17:47:00.182Z","GR86-032-15",0,13,154406,
"kafka:gr-raw","2025-04-27T17:44:27.257Z","I_R02_2025-04-27","R2","2025-04-27T17:44:25.781Z","GR86-032-15",0,12,152080,
"kafka:gr-raw","2025-04-27T17:41:55.216Z","I_R02_2025-04-27","R2","2025-04-27T17:41:53.678Z","GR86-032-15",0,11,152594,
"kafka:gr-raw","2025-04-27T17:39:21.541Z","I_R02_2025-04-27","R2","2025-04-27T17:39:21.111Z","GR86-032-15",0,10,194180,
"kafka:gr-raw","2025-04-27T17:36:08.323Z","I_R02_2025-04-27","R2","2025-04-27T17:36:06.912Z","GR86-032-15",0,9,211140,
"kafka:gr-raw","2025-04-27T17:32:36.906Z","I_R02_2025-04-27","R2","2025-04-27T17:32:35.792Z","GR86-032-15",0,8,152081,
"kafka:gr-raw","2025-04-27T17:30:04.093Z","I_R02_2025-04-27","R2","2025-04-27T17:30:03.712Z","GR86-032-15",0,7,149585,
"kafka:gr-raw","2025-04-27T17:27:34.850Z","I_R02_2025-04-27","R2","2025-04-27T17:27:34.076Z","GR86-032-15",0,6,150680,
"kafka:gr-raw","2025-04-27T17:25:04.941Z","I_R02_2025-04-27","R2","2025-04-27T17:25:03.432Z","GR86-032-15",0,5,153715,
"kafka:gr-raw","2025-04-27T17:22:31.142Z","I_R02_2025-04-27","R2","2025-04-27T17:22:29.712Z","GR86-032-15",0,4,149274,
"kafka:gr-raw","2025-04-27T17:20:01.265Z","I_R02_2025-04-27","R2","2025-04-27T17:20:00.431Z","GR86-032-15",0,3,150820,
"kafka:gr-raw","2025-04-27T17:17:29.875Z","I_R02_2025-04-27","R2","2025-04-27T17:17:29.591Z","GR86-032-15",0,2,156796,
"kafka:gr-raw","2025-04-27T17:14:54.131Z","I_R02_2025-04-27","R2","2025-04-27T17:14:52.782Z","GR86-032-15",0,1,206735,
"kafka:gr-raw","2025-04-27T17:11:27.458Z","I_R02_2025-04-27","R2","2025-04-27T17:11:26.073Z","GR86-032-15",0,32768,1898586,
"kafka:gr-raw","2025-04-27T18:05:27.315Z","I_R02_2025-04-27","R2","2025-04-27T18:05:25.679Z","GR86-033-46",0,19,232669,
"kafka:gr-raw","2025-04-27T18:01:34.410Z","I_R02_2025-04-27","R2","2025-04-27T18:01:32.988Z","GR86-033-46",0,18,148898,
"kafka:gr-raw","2025-04-27T17:59:05.218Z","I_R02_2025-04-27","R2","2025-04-27T17:59:04.119Z","GR86-033-46",0,17,150205,
"kafka:gr-raw","2025-04-27T17:56:36.605Z","I_R02_2025-04-27","R2","2025-04-27T17:56:33.878Z","GR86-033-46",0,16,154470,
"kafka:gr-raw","2025-04-27T17:53:59.933Z","I_R02_2025-04-27","R2","2025-04-27T17:53:59.398Z","GR86-033-46",0,15,216608,
"kafka:gr-raw","2025-04-27T17:50:24.839Z","I_R02_2025-04-27","R2","2025-04-27T17:50:22.799Z","GR86-033-46",0,14,214386,
"kafka:gr-raw","2025-04-27T17:46:48.834Z","I_R02_2025-04-27","R2","2025-04-27T17:46:48.398Z","GR86-033-46",0,13,154596,
"kafka:gr-raw","2025-04-27T17:44:15.227Z","I_R02_2025-04-27","R2","2025-04-27T17:44:13.799Z","GR86-033-46",0,12,148715,
"kafka:gr-raw","2025-04-27T17:41:50.467Z","I_R02_2025-04-27","R2","2025-04-27T17:41:45.079Z","GR86-033-46",0,11,149182,
"kafka:gr-raw","2025-04-27T17:39:19.631Z","I_R02_2025-04-27","R2","2025-04-27T17:39:15.890Z","GR86-033-46",0,10,201509,
"kafka:gr-raw","2025-04-27T17:35:56.464Z","I_R02_2025-04-27","R2","2025-04-27T17:35:54.679Z","GR86-033-46",0,9,214120,
"kafka:gr-raw","2025-04-27T17:32:23.955Z","I_R02_2025-04-27","R2","2025-04-27T17:32:20.269Z","GR86-033-46",0,8,45,
"kafka:gr-raw","2025-04-27T17:32:23.953Z","I_R02_2025-04-27","R2","2025-04-27T17:32:20.201Z","GR86-033-46",0,9,0,
"kafka:gr-raw","2025-04-27T17:32:23.953Z","I_R02_2025-04-27","R2","2025-04-27T17:32:20.199Z","GR86-033-46",0,8,156298,
"kafka:gr-raw","2025-04-27T17:29:46.636Z","I_R02_2025-04-27","R2","2025-04-27T17:29:43.908Z","GR86-033-46",0,7,148421,
"kafka:gr-raw","2025-04-27T17:27:17.521Z","I_R02_2025-04-27","R2","2025-04-27T17:27:15.479Z","GR86-033-46",0,6,148683,
"kafka:gr-raw","2025-04-27T17:24:48.367Z","I_R02_2025-04-27","R2","2025-04-27T17:24:46.798Z","GR86-033-46",0,5,148401,
"kafka:gr-raw","2025-04-27T17:22:18.880Z","I_R02_2025-04-27","R2","2025-04-27T17:22:18.399Z","GR86-033-46",0,4,148507,
"kafka:gr-raw","2025-04-27T17:19:50.369Z","I_R02_2025-04-27","R2","2025-04-27T17:19:49.869Z","GR86-033-46",0,3,148474,
"kafka:gr-raw","2025-04-27T17:17:22.577Z","I_R02_2025-04-27","R2","2025-04-27T17:17:21.389Z","GR86-033-46",0,2,150266,
"kafka:gr-raw","2025-04-27T17:14:51.830Z","I_R02_2025-04-27","R2","2025-04-27T17:14:51.127Z","GR86-033-46",0,1,222221,
"kafka:gr-raw","2025-04-27T17:11:09.739Z","I_R02_2025-04-27","R2","2025-04-27T17:11:08.918Z","GR86-033-46",0,32768,918071,
"kafka:gr-raw","2025-04-27T18:06:04.223Z","I_R02_2025-04-27","R2","2025-04-27T18:06:03.549Z","GR86-035-11",0,19,254539,
"kafka:gr-raw","2025-04-27T18:01:49.477Z","I_R02_2025-04-27","R2","2025-04-27T18:01:48.982Z","GR86-035-11",0,18,153776,
"kafka:gr-raw","2025-04-27T17:59:19.095Z","I_R02_2025-04-27","R2","2025-04-27T17:59:15.232Z","GR86-035-11",0,17,153316,
"kafka:gr-raw","2025-04-27T17:56:42.770Z","I_R02_2025-04-27","R2","2025-04-27T17:56:41.920Z","GR86-035-11",0,16,154095,
"kafka:gr-raw","2025-04-27T17:54:09.612Z","I_R02_2025-04-27","R2","2025-04-27T17:54:07.794Z","GR86-035-11",0,15,44,
"kafka:gr-raw","2025-04-27T17:54:09.612Z","I_R02_2025-04-27","R2","2025-04-27T17:54:07.760Z","GR86-035-11",0,16,0,
"kafka:gr-raw","2025-04-27T17:54:08.099Z","I_R02_2025-04-27","R2","2025-04-27T17:54:07.755Z","GR86-035-11",0,15,0,
"kafka:gr-raw","2025-04-27T17:54:08.098Z","I_R02_2025-04-27","R2","2025-04-27T17:54:07.754Z","GR86-035-11",0,16,0,
"kafka:gr-raw","2025-04-27T17:54:08.098Z","I_R02_2025-04-27","R2","2025-04-27T17:54:07.751Z","GR86-035-11",0,15,210441,
"kafka:gr-raw","2025-04-27T17:50:38.043Z","I_R02_2025-04-27","R2","2025-04-27T17:50:37.296Z","GR86-035-11",0,14,211819,
"kafka:gr-raw","2025-04-27T17:47:09.959Z","I_R02_2025-04-27","R2","2025-04-27T17:47:05.512Z","GR86-035-11",0,13,156077,
"kafka:gr-raw","2025-04-27T17:44:33.813Z","I_R02_2025-04-27","R2","2025-04-27T17:44:29.393Z","GR86-035-11",0,12,154223,
"kafka:gr-raw","2025-04-27T17:41:55.462Z","I_R02_2025-04-27","R2","2025-04-27T17:41:55.182Z","GR86-035-11",0,11,151389,
"kafka:gr-raw","2025-04-27T17:39:24.629Z","I_R02_2025-04-27","R2","2025-04-27T17:39:23.822Z","GR86-035-11",0,10,191801,
"kafka:gr-raw","2025-04-27T17:36:12.658Z","I_R02_2025-04-27","R2","2025-04-27T17:36:11.992Z","GR86-035-11",0,9,199191,
"kafka:gr-raw","2025-04-27T17:32:53.240Z","I_R02_2025-04-27","R2","2025-04-27T17:32:52.781Z","GR86-035-11",0,8,153870,
"kafka:gr-raw","2025-04-27T17:30:19.788Z","I_R02_2025-04-27","R2","2025-04-27T17:30:18.912Z","GR86-035-11",0,7,152834,
"kafka:gr-raw","2025-04-27T17:27:46.390Z","I_R02_2025-04-27","R2","2025-04-27T17:27:46.062Z","GR86-035-11",0,6,151630,
"kafka:gr-raw","2025-04-27T17:25:22.634Z","I_R02_2025-04-27","R2","2025-04-27T17:25:14.431Z","GR86-035-11",0,5,153054,
"kafka:gr-raw","2025-04-27T17:22:42.840Z","I_R02_2025-04-27","R2","2025-04-27T17:22:41.392Z","GR86-035-11",0,4,153184,
"kafka:gr-raw","2025-04-27T17:20:08.452Z","I_R02_2025-04-27","R2","2025-04-27T17:20:08.182Z","GR86-035-11",0,3,155716,
"kafka:gr-raw","2025-04-27T17:17:33.893Z","I_R02_2025-04-27","R2","2025-04-27T17:17:32.472Z","GR86-035-11",0,2,158383,
"kafka:gr-raw","2025-04-27T17:14:55.802Z","I_R02_2025-04-27","R2","2025-04-27T17:14:54.087Z","GR86-035-11",0,1,199895,
"kafka:gr-raw","2025-04-27T17:11:37.508Z","I_R02_2025-04-27","R2","2025-04-27T17:11:34.182Z","GR86-035-11",0,32768,979543,
"kafka:gr-raw","2025-04-27T18:05:31.477Z","I_R02_2025-04-27","R2","2025-04-27T18:05:31.175Z","GR86-036-98",0,19,44,
"kafka:gr-raw","2025-04-27T18:05:31.473Z","I_R02_2025-04-27","R2","2025-04-27T18:05:31.104Z","GR86-036-98",0,20,0,
"kafka:gr-raw","2025-04-27T18:05:31.366Z","I_R02_2025-04-27","R2","2025-04-27T18:05:31.102Z","GR86-036-98",0,19,233080,
"kafka:gr-raw","2025-04-27T18:01:38.212Z","I_R02_2025-04-27","R2","2025-04-27T18:01:38.014Z","GR86-036-98",0,18,151243,
"kafka:gr-raw","2025-04-27T17:59:08.262Z","I_R02_2025-04-27","R2","2025-04-27T17:59:06.804Z","GR86-036-98",0,17,151978,
"kafka:gr-raw","2025-04-27T17:56:39.186Z","I_R02_2025-04-27","R2","2025-04-27T17:56:34.789Z","GR86-036-98",0,16,152570,
"kafka:gr-raw","2025-04-27T17:54:04.210Z","I_R02_2025-04-27","R2","2025-04-27T17:54:02.214Z","GR86-036-98",0,15,212920,
"kafka:gr-raw","2025-04-27T17:50:30.150Z","I_R02_2025-04-27","R2","2025-04-27T17:50:29.284Z","GR86-036-98",0,14,211809,
"kafka:gr-raw","2025-04-27T17:46:58.193Z","I_R02_2025-04-27","R2","2025-04-27T17:46:57.485Z","GR86-036-98",0,13,152991,
"kafka:gr-raw","2025-04-27T17:44:25.561Z","I_R02_2025-04-27","R2","2025-04-27T17:44:24.494Z","GR86-036-98",0,12,150816,
"kafka:gr-raw","2025-04-27T17:41:55.085Z","I_R02_2025-04-27","R2","2025-04-27T17:41:53.695Z","GR86-036-98",0,11,153196,
"kafka:gr-raw","2025-04-27T17:39:21.066Z","I_R02_2025-04-27","R2","2025-04-27T17:39:20.495Z","GR86-036-98",0,10,195848,
"kafka:gr-raw","2025-04-27T17:36:05.753Z","I_R02_2025-04-27","R2","2025-04-27T17:36:04.644Z","GR86-036-98",0,9,210288,
"kafka:gr-raw","2025-04-27T17:32:36.967Z","I_R02_2025-04-27","R2","2025-04-27T17:32:34.324Z","GR86-036-98",0,8,152332,
"kafka:gr-raw","2025-04-27T17:30:03.564Z","I_R02_2025-04-27","R2","2025-04-27T17:30:02.015Z","GR86-036-98",0,7,149090,
"kafka:gr-raw","2025-04-27T17:27:34.703Z","I_R02_2025-04-27","R2","2025-04-27T17:27:32.885Z","GR86-036-98",0,6,149810,
"kafka:gr-raw","2025-04-27T17:25:03.609Z","I_R02_2025-04-27","R2","2025-04-27T17:25:03.094Z","GR86-036-98",0,5,153878,
"kafka:gr-raw","2025-04-27T17:22:31.320Z","I_R02_2025-04-27","R2","2025-04-27T17:22:29.214Z","GR86-036-98",0,4,150222,
"kafka:gr-raw","2025-04-27T17:19:59.610Z","I_R02_2025-04-27","R2","2025-04-27T17:19:58.964Z","GR86-036-98",0,3,150675,
"kafka:gr-raw","2025-04-27T17:17:29.636Z","I_R02_2025-04-27","R2","2025-04-27T17:17:28.324Z","GR86-036-98",0,2,155723,
"kafka:gr-raw","2025-04-27T17:14:53.884Z","I_R02_2025-04-27","R2","2025-04-27T17:14:52.574Z","GR86-036-98",0,1,209092,
"kafka:gr-raw","2025-04-27T17:11:26.087Z","I_R02_2025-04-27","R2","2025-04-27T17:11:23.469Z","GR86-036-98",0,32768,45,
"kafka:gr-raw","2025-04-27T17:11:26.087Z","I_R02_2025-04-27","R2","2025-04-27T17:11:23.456Z","GR86-036-98",0,1,0,
"kafka:gr-raw","2025-04-27T17:11:26.087Z","I_R02_2025-04-27","R2","2025-04-27T17:11:23.454Z","GR86-036-98",0,32768,1404579,
"kafka:gr-raw","2025-04-27T17:59:10.317Z","I_R02_2025-04-27","R2","2025-04-27T17:59:10.023Z","GR86-037-03",0,17,152200,
"kafka:gr-raw","2025-04-27T17:56:39.543Z","I_R02_2025-04-27","R2","2025-04-27T17:56:37.823Z","GR86-037-03",0,16,150986,
"kafka:gr-raw","2025-04-27T17:54:07.673Z","I_R02_2025-04-27","R2","2025-04-27T17:54:06.824Z","GR86-037-03",0,15,210722,
"kafka:gr-raw","2025-04-27T17:50:38.341Z","I_R02_2025-04-27","R2","2025-04-27T17:50:36.103Z","GR86-037-03",0,14,212578,
"kafka:gr-raw","2025-04-27T17:47:04.959Z","I_R02_2025-04-27","R2","2025-04-27T17:47:03.544Z","GR86-037-03",0,13,154535,
"kafka:gr-raw","2025-04-27T17:44:33.263Z","I_R02_2025-04-27","R2","2025-04-27T17:44:28.983Z","GR86-037-03",0,12,154186,
"kafka:gr-raw","2025-04-27T17:41:55.199Z","I_R02_2025-04-27","R2","2025-04-27T17:41:54.792Z","GR86-037-03",0,11,151813,
"kafka:gr-raw","2025-04-27T17:39:24.348Z","I_R02_2025-04-27","R2","2025-04-27T17:39:22.987Z","GR86-037-03",0,10,193001,
"kafka:gr-raw","2025-04-27T17:36:10.730Z","I_R02_2025-04-27","R2","2025-04-27T17:36:09.983Z","GR86-037-03",0,9,207869,
"kafka:gr-raw","2025-04-27T17:32:42.760Z","I_R02_2025-04-27","R2","2025-04-27T17:32:42.103Z","GR86-037-03",0,8,154532,
"kafka:gr-raw","2025-04-27T17:30:08.942Z","I_R02_2025-04-27","R2","2025-04-27T17:30:07.573Z","GR86-037-03",0,7,150590,
"kafka:gr-raw","2025-04-27T17:27:37.981Z","I_R02_2025-04-27","R2","2025-04-27T17:27:37.007Z","GR86-037-03",0,6,151569,
"kafka:gr-raw","2025-04-27T17:25:07.340Z","I_R02_2025-04-27","R2","2025-04-27T17:25:05.423Z","GR86-037-03",0,5,151997,
"kafka:gr-raw","2025-04-27T17:22:34.579Z","I_R02_2025-04-27","R2","2025-04-27T17:22:33.408Z","GR86-037-03",0,4,151911,
"kafka:gr-raw","2025-04-27T17:20:01.787Z","I_R02_2025-04-27","R2","2025-04-27T17:20:01.503Z","GR86-037-03",0,3,151792,
"kafka:gr-raw","2025-04-27T17:17:29.997Z","I_R02_2025-04-27","R2","2025-04-27T17:17:29.702Z","GR86-037-03",0,2,156570,
"kafka:gr-raw","2025-04-27T17:14:54.061Z","I_R02_2025-04-27","R2","2025-04-27T17:14:53.108Z","GR86-037-03",0,1,204647,
"kafka:gr-raw","2025-04-27T17:11:30.137Z","I_R02_2025-04-27","R2","2025-04-27T17:11:28.470Z","GR86-037-03",0,32768,1483000,
"kafka:gr-raw","2025-04-27T17:59:16.488Z","I_R02_2025-04-27","R2","2025-04-27T17:59:09.376Z","GR86-038-93",0,17,152700,
"kafka:gr-raw","2025-04-27T17:56:39.231Z","I_R02_2025-04-27","R2","2025-04-27T17:56:36.672Z","GR86-038-93",0,16,150889,
"kafka:gr-raw","2025-04-27T17:54:06.285Z","I_R02_2025-04-27","R2","2025-04-27T17:54:05.786Z","GR86-038-93",0,15,210977,
"kafka:gr-raw","2025-04-27T17:50:35.483Z","I_R02_2025-04-27","R2","2025-04-27T17:50:34.802Z","GR86-038-93",0,14,212700,
"kafka:gr-raw","2025-04-27T17:47:02.888Z","I_R02_2025-04-27","R2","2025-04-27T17:47:02.096Z","GR86-038-93",0,13,154327,
"kafka:gr-raw","2025-04-27T17:44:28.436Z","I_R02_2025-04-27","R2","2025-04-27T17:44:27.786Z","GR86-038-93",0,12,153447,
"kafka:gr-raw","2025-04-27T17:41:55.046Z","I_R02_2025-04-27","R2","2025-04-27T17:41:54.312Z","GR86-038-93",0,11,152320,
"kafka:gr-raw","2025-04-27T17:39:22.458Z","I_R02_2025-04-27","R2","2025-04-27T17:39:22.017Z","GR86-038-93",0,10,193608,
"kafka:gr-raw","2025-04-27T17:36:08.658Z","I_R02_2025-04-27","R2","2025-04-27T17:36:08.424Z","GR86-038-93",0,9,209413,
"kafka:gr-raw","2025-04-27T17:32:40.659Z","I_R02_2025-04-27","R2","2025-04-27T17:32:38.962Z","GR86-038-93",0,8,152290,
"kafka:gr-raw","2025-04-27T17:30:07.226Z","I_R02_2025-04-27","R2","2025-04-27T17:30:06.707Z","GR86-038-93",0,7,150798,
"kafka:gr-raw","2025-04-27T17:27:36.195Z","I_R02_2025-04-27","R2","2025-04-27T17:27:35.907Z","GR86-038-93",0,6,150360,
"kafka:gr-raw","2025-04-27T17:25:07.267Z","I_R02_2025-04-27","R2","2025-04-27T17:25:05.507Z","GR86-038-93",0,5,150128,
"kafka:gr-raw","2025-04-27T17:22:36.956Z","I_R02_2025-04-27","R2","2025-04-27T17:22:35.395Z","GR86-038-93",0,4,149983,
"kafka:gr-raw","2025-04-27T17:20:07.080Z","I_R02_2025-04-27","R2","2025-04-27T17:20:05.426Z","GR86-038-93",0,3,155596,
"kafka:gr-raw","2025-04-27T17:17:30.083Z","I_R02_2025-04-27","R2","2025-04-27T17:17:29.816Z","GR86-038-93",0,2,156610,
"kafka:gr-raw","2025-04-27T17:14:53.845Z","I_R02_2025-04-27","R2","2025-04-27T17:14:53.187Z","GR86-038-93",0,1,202682,
"kafka:gr-raw","2025-04-27T17:11:31.854Z","I_R02_2025-04-27","R2","2025-04-27T17:11:30.506Z","GR86-038-93",0,32768,2356883,
"kafka:gr-raw","2025-04-27T18:05:50.143Z","I_R02_2025-04-27","R2","2025-04-27T18:05:48.148Z","GR86-040-3",0,19,242885,
"kafka:gr-raw","2025-04-27T18:01:45.735Z","I_R02_2025-04-27","R2","2025-04-27T18:01:45.229Z","GR86-040-3",0,18,155025,
"kafka:gr-raw","2025-04-27T17:59:18.681Z","I_R02_2025-04-27","R2","2025-04-27T17:59:10.192Z","GR86-040-3",0,17,151709,
"kafka:gr-raw","2025-04-27T17:56:39.347Z","I_R02_2025-04-27","R2","2025-04-27T17:56:38.508Z","GR86-040-3",0,16,151400,
"kafka:gr-raw","2025-04-27T17:54:07.555Z","I_R02_2025-04-27","R2","2025-04-27T17:54:07.108Z","GR86-040-3",0,15,210688,
"kafka:gr-raw","2025-04-27T17:50:38.296Z","I_R02_2025-04-27","R2","2025-04-27T17:50:36.388Z","GR86-040-3",0,14,212282,
"kafka:gr-raw","2025-04-27T17:47:09.670Z","I_R02_2025-04-27","R2","2025-04-27T17:47:04.108Z","GR86-040-3",0,13,155511,
"kafka:gr-raw","2025-04-27T17:44:28.953Z","I_R02_2025-04-27","R2","2025-04-27T17:44:28.636Z","GR86-040-3",0,12,153879,
"kafka:gr-raw","2025-04-27T17:41:55.027Z","I_R02_2025-04-27","R2","2025-04-27T17:41:54.748Z","GR86-040-3",0,11,151427,
"kafka:gr-raw","2025-04-27T17:39:24.573Z","I_R02_2025-04-27","R2","2025-04-27T17:39:23.298Z","GR86-040-3",0,10,192612,
"kafka:gr-raw","2025-04-27T17:36:12.529Z","I_R02_2025-04-27","R2","2025-04-27T17:36:10.668Z","GR86-040-3",0,9,207961,
"kafka:gr-raw","2025-04-27T17:32:43.793Z","I_R02_2025-04-27","R2","2025-04-27T17:32:42.708Z","GR86-040-3",0,8,154320,
"kafka:gr-raw","2025-04-27T17:30:10.574Z","I_R02_2025-04-27","R2","2025-04-27T17:30:08.389Z","GR86-040-3",0,7,150591,
"kafka:gr-raw","2025-04-27T17:27:38.171Z","I_R02_2025-04-27","R2","2025-04-27T17:27:37.788Z","GR86-040-3",0,6,150799,
"kafka:gr-raw","2025-04-27T17:25:08.789Z","I_R02_2025-04-27","R2","2025-04-27T17:25:06.988Z","GR86-040-3",0,5,151778,
"kafka:gr-raw","2025-04-27T17:22:37.093Z","I_R02_2025-04-27","R2","2025-04-27T17:22:35.229Z","GR86-040-3",0,4,152000,
"kafka:gr-raw","2025-04-27T17:20:05.688Z","I_R02_2025-04-27","R2","2025-04-27T17:20:03.228Z","GR86-040-3",0,3,152000,
"kafka:gr-raw","2025-04-27T17:17:32.308Z","I_R02_2025-04-27","R2","2025-04-27T17:17:31.228Z","GR86-040-3",0,2,157300,
"kafka:gr-raw","2025-04-27T17:14:55.523Z","I_R02_2025-04-27","R2","2025-04-27T17:14:53.898Z","GR86-040-3",0,1,204378,
"kafka:gr-raw","2025-04-27T17:11:31.771Z","I_R02_2025-04-27","R2","2025-04-27T17:11:29.538Z","GR86-040-3",0,32768,3005097,
"kafka:gr-raw","2025-04-27T18:05:57.699Z","I_R02_2025-04-27","R2","2025-04-27T18:05:55.705Z","GR86-041-73",0,19,250008,
"kafka:gr-raw","2025-04-27T18:01:46.001Z","I_R02_2025-04-27","R2","2025-04-27T18:01:45.714Z","GR86-041-73",0,18,154163,
"kafka:gr-raw","2025-04-27T17:59:17.035Z","I_R02_2025-04-27","R2","2025-04-27T17:59:11.555Z","GR86-041-73",0,17,151213,
"kafka:gr-raw","2025-04-27T17:56:41.478Z","I_R02_2025-04-27","R2","2025-04-27T17:56:40.315Z","GR86-041-73",0,16,152219,
"kafka:gr-raw","2025-04-27T17:54:09.850Z","I_R02_2025-04-27","R2","2025-04-27T17:54:08.122Z","GR86-041-73",0,15,209901,
"kafka:gr-raw","2025-04-27T17:50:39.423Z","I_R02_2025-04-27","R2","2025-04-27T17:50:38.235Z","GR86-041-73",0,14,211585,
"kafka:gr-raw","2025-04-27T17:47:10.151Z","I_R02_2025-04-27","R2","2025-04-27T17:47:06.594Z","GR86-041-73",0,13,156088,
"kafka:gr-raw","2025-04-27T17:44:33.215Z","I_R02_2025-04-27","R2","2025-04-27T17:44:30.505Z","GR86-041-73",0,12,151812,
"kafka:gr-raw","2025-04-27T17:42:00.576Z","I_R02_2025-04-27","R2","2025-04-27T17:41:58.679Z","GR86-041-73",0,11,153791,
"kafka:gr-raw","2025-04-27T17:39:26.940Z","I_R02_2025-04-27","R2","2025-04-27T17:39:24.879Z","GR86-041-73",0,10,190100,
"kafka:gr-raw","2025-04-27T17:36:16.153Z","I_R02_2025-04-27","R2","2025-04-27T17:36:14.795Z","GR86-041-73",0,9,194783,
"kafka:gr-raw","2025-04-27T17:33:00.412Z","I_R02_2025-04-27","R2","2025-04-27T17:33:00.036Z","GR86-041-73",0,8,158894,
"kafka:gr-raw","2025-04-27T17:30:22.240Z","I_R02_2025-04-27","R2","2025-04-27T17:30:21.123Z","GR86-041-73",0,7,153720,
"kafka:gr-raw","2025-04-27T17:27:50.170Z","I_R02_2025-04-27","R2","2025-04-27T17:27:47.394Z","GR86-041-73",0,6,152800,
"kafka:gr-raw","2025-04-27T17:25:23.651Z","I_R02_2025-04-27","R2","2025-04-27T17:25:14.595Z","GR86-041-73",0,5,152683,
"kafka:gr-raw","2025-04-27T17:22:42.854Z","I_R02_2025-04-27","R2","2025-04-27T17:22:41.880Z","GR86-041-73",0,4,153871,
"kafka:gr-raw","2025-04-27T17:20:08.690Z","I_R02_2025-04-27","R2","2025-04-27T17:20:08.035Z","GR86-041-73",0,3,154706,
"kafka:gr-raw","2025-04-27T17:17:34.094Z","I_R02_2025-04-27","R2","2025-04-27T17:17:33.354Z","GR86-041-73",0,2,159175,
"kafka:gr-raw","2025-04-27T17:14:55.631Z","I_R02_2025-04-27","R2","2025-04-27T17:14:54.131Z","GR86-041-73",0,1,202156,
"kafka:gr-raw","2025-04-27T17:11:34.420Z","I_R02_2025-04-27","R2","2025-04-27T17:11:31.977Z","GR86-041-73",0,32768,1394159,
"kafka:gr-raw","2025-04-27T18:04:54.849Z","I_R02_2025-04-27","R2","2025-04-27T18:04:53.363Z","GR86-047-21",0,18,202999,
"kafka:gr-raw","2025-04-27T18:01:32.090Z","I_R02_2025-04-27","R2","2025-04-27T18:01:30.380Z","GR86-047-21",0,17,150282,
"kafka:gr-raw","2025-04-27T17:59:06.065Z","I_R02_2025-04-27","R2","2025-04-27T17:59:00.094Z","GR86-047-21",0,16,149001,
"kafka:gr-raw","2025-04-27T17:56:32.803Z","I_R02_2025-04-27","R2","2025-04-27T17:56:31.093Z","GR86-047-21",0,15,150406,
"kafka:gr-raw","2025-04-27T17:54:01.847Z","I_R02_2025-04-27","R2","2025-04-27T17:54:00.693Z","GR86-047-21",0,14,214661,
"kafka:gr-raw","2025-04-27T17:50:26.976Z","I_R02_2025-04-27","R2","2025-04-27T17:50:26.013Z","GR86-047-21",0,13,212532,
"kafka:gr-raw","2025-04-27T17:46:55.602Z","I_R02_2025-04-27","R2","2025-04-27T17:46:53.492Z","GR86-047-21",0,12,157593,
"kafka:gr-raw","2025-04-27T17:44:19.413Z","I_R02_2025-04-27","R2","2025-04-27T17:44:15.893Z","GR86-047-21",0,11,148481,
"kafka:gr-raw","2025-04-27T17:41:50.218Z","I_R02_2025-04-27","R2","2025-04-27T17:41:47.453Z","GR86-047-21",0,10,150009,
"kafka:gr-raw","2025-04-27T17:39:19.925Z","I_R02_2025-04-27","R2","2025-04-27T17:39:17.362Z","GR86-047-21",0,9,199396,
"kafka:gr-raw","2025-04-27T17:35:58.423Z","I_R02_2025-04-27","R2","2025-04-27T17:35:57.973Z","GR86-047-21",0,8,211746,
"kafka:gr-raw","2025-04-27T17:32:27.391Z","I_R02_2025-04-27","R2","2025-04-27T17:32:26.217Z","GR86-047-21",0,7,44,
"kafka:gr-raw","2025-04-27T17:32:27.391Z","I_R02_2025-04-27","R2","2025-04-27T17:32:26.215Z","GR86-047-21",0,8,0,
"kafka:gr-raw","2025-04-27T17:32:27.391Z","I_R02_2025-04-27","R2","2025-04-27T17:32:26.213Z","GR86-047-21",0,7,155409,
"kafka:gr-raw","2025-04-27T17:29:52.498Z","I_R02_2025-04-27","R2","2025-04-27T17:29:50.752Z","GR86-047-21",0,6,148950,
"kafka:gr-raw","2025-04-27T17:27:26.180Z","I_R02_2025-04-27","R2","2025-04-27T17:27:21.813Z","GR86-047-21",0,5,149743,
"kafka:gr-raw","2025-04-27T17:24:52.550Z","I_R02_2025-04-27","R2","2025-04-27T17:24:52.093Z","GR86-047-21",0,4,149878,
"kafka:gr-raw","2025-04-27T17:22:23.359Z","I_R02_2025-04-27","R2","2025-04-27T17:22:22.213Z","GR86-047-21",0,3,148689,
"kafka:gr-raw","2025-04-27T17:19:53.738Z","I_R02_2025-04-27","R2","2025-04-27T17:19:53.492Z","GR86-047-21",0,2,149616,
"kafka:gr-raw","2025-04-27T17:17:28.098Z","I_R02_2025-04-27","R2","2025-04-27T17:17:23.895Z","GR86-047-21",0,1,152500,
"kafka:gr-raw","2025-04-27T17:14:52.109Z","I_R02_2025-04-27","R2","2025-04-27T17:14:51.363Z","GR86-047-21",0,32768,1928202,
"kafka:gr-raw","2025-04-27T18:05:33.443Z","I_R02_2025-04-27","R2","2025-04-27T18:05:32.142Z","GR86-049-88",0,19,233802,
"kafka:gr-raw","2025-04-27T18:01:40.620Z","I_R02_2025-04-27","R2","2025-04-27T18:01:38.341Z","GR86-049-88",0,18,150980,
"kafka:gr-raw","2025-04-27T17:59:08.539Z","I_R02_2025-04-27","R2","2025-04-27T17:59:07.398Z","GR86-049-88",0,17,152215,
"kafka:gr-raw","2025-04-27T17:56:38.898Z","I_R02_2025-04-27","R2","2025-04-27T17:56:35.182Z","GR86-049-88",0,16,151595,
"kafka:gr-raw","2025-04-27T17:54:04.231Z","I_R02_2025-04-27","R2","2025-04-27T17:54:03.543Z","GR86-049-88",0,15,212209,
"kafka:gr-raw","2025-04-27T17:50:32.049Z","I_R02_2025-04-27","R2","2025-04-27T17:50:31.350Z","GR86-049-88",0,14,211581,
"kafka:gr-raw","2025-04-27T17:47:02.853Z","I_R02_2025-04-27","R2","2025-04-27T17:46:59.782Z","GR86-049-88",0,13,154200,
"kafka:gr-raw","2025-04-27T17:44:27.113Z","I_R02_2025-04-27","R2","2025-04-27T17:44:25.581Z","GR86-049-88",0,12,152990,
"kafka:gr-raw","2025-04-27T17:41:53.450Z","I_R02_2025-04-27","R2","2025-04-27T17:41:52.582Z","GR86-049-88",0,11,151596,
"kafka:gr-raw","2025-04-27T17:39:21.503Z","I_R02_2025-04-27","R2","2025-04-27T17:39:20.952Z","GR86-049-88",0,10,195615,
"kafka:gr-raw","2025-04-27T17:36:05.781Z","I_R02_2025-04-27","R2","2025-04-27T17:36:05.342Z","GR86-049-88",0,9,210589,
"kafka:gr-raw","2025-04-27T17:32:37.023Z","I_R02_2025-04-27","R2","2025-04-27T17:32:34.782Z","GR86-049-88",0,8,151550,
"kafka:gr-raw","2025-04-27T17:30:03.620Z","I_R02_2025-04-27","R2","2025-04-27T17:30:03.222Z","GR86-049-88",0,7,149415,
"kafka:gr-raw","2025-04-27T17:27:34.874Z","I_R02_2025-04-27","R2","2025-04-27T17:27:33.782Z","GR86-049-88",0,6,150806,
"kafka:gr-raw","2025-04-27T17:25:03.437Z","I_R02_2025-04-27","R2","2025-04-27T17:25:02.982Z","GR86-049-88",0,5,153800,
"kafka:gr-raw","2025-04-27T17:22:31.338Z","I_R02_2025-04-27","R2","2025-04-27T17:22:29.172Z","GR86-049-88",0,4,151020,
"kafka:gr-raw","2025-04-27T17:19:59.639Z","I_R02_2025-04-27","R2","2025-04-27T17:19:58.142Z","GR86-049-88",0,3,150608,
"kafka:gr-raw","2025-04-27T17:17:29.658Z","I_R02_2025-04-27","R2","2025-04-27T17:17:27.541Z","GR86-049-88",0,2,154551,
"kafka:gr-raw","2025-04-27T17:14:53.915Z","I_R02_2025-04-27","R2","2025-04-27T17:14:52.983Z","GR86-049-88",0,1,207810,
"kafka:gr-raw","2025-04-27T17:11:26.380Z","I_R02_2025-04-27","R2","2025-04-27T17:11:25.182Z","GR86-049-88",0,32768,3451937,
"kafka:gr-raw","2025-04-27T18:05:12.404Z","I_R02_2025-04-27","R2","2025-04-27T18:05:11.796Z","GR86-051-71",0,19,220673,
"kafka:gr-raw","2025-04-27T18:01:32.151Z","I_R02_2025-04-27","R2","2025-04-27T18:01:31.085Z","GR86-051-71",0,18,150400,
"kafka:gr-raw","2025-04-27T17:59:06.819Z","I_R02_2025-04-27","R2","2025-04-27T17:59:00.693Z","GR86-051-71",0,17,149111,
"kafka:gr-raw","2025-04-27T17:56:32.577Z","I_R02_2025-04-27","R2","2025-04-27T17:56:31.555Z","GR86-051-71",0,16,150599,
"kafka:gr-raw","2025-04-27T17:54:01.910Z","I_R02_2025-04-27","R2","2025-04-27T17:54:00.935Z","GR86-051-71",0,15,214268,
"kafka:gr-raw","2025-04-27T17:50:27.023Z","I_R02_2025-04-27","R2","2025-04-27T17:50:26.686Z","GR86-051-71",0,14,212012,
"kafka:gr-raw","2025-04-27T17:46:56.146Z","I_R02_2025-04-27","R2","2025-04-27T17:46:54.686Z","GR86-051-71",0,13,155920,
"kafka:gr-raw","2025-04-27T17:44:19.924Z","I_R02_2025-04-27","R2","2025-04-27T17:44:18.755Z","GR86-051-71",0,12,149471,
"kafka:gr-raw","2025-04-27T17:41:50.927Z","I_R02_2025-04-27","R2","2025-04-27T17:41:49.285Z","GR86-051-71",0,11,151394,
"kafka:gr-raw","2025-04-27T17:39:19.980Z","I_R02_2025-04-27","R2","2025-04-27T17:39:17.925Z","GR86-051-71",0,10,197516,
"kafka:gr-raw","2025-04-27T17:36:01.877Z","I_R02_2025-04-27","R2","2025-04-27T17:36:00.365Z","GR86-051-71",0,9,209620,
"kafka:gr-raw","2025-04-27T17:32:36.314Z","I_R02_2025-04-27","R2","2025-04-27T17:32:30.725Z","GR86-051-71",0,8,157756,
"kafka:gr-raw","2025-04-27T17:29:54.456Z","I_R02_2025-04-27","R2","2025-04-27T17:29:52.965Z","GR86-051-71",0,7,149608,
"kafka:gr-raw","2025-04-27T17:27:26.713Z","I_R02_2025-04-27","R2","2025-04-27T17:27:23.365Z","GR86-051-71",0,6,149192,
"kafka:gr-raw","2025-04-27T17:24:55.915Z","I_R02_2025-04-27","R2","2025-04-27T17:24:54.155Z","GR86-051-71",0,5,149280,
"kafka:gr-raw","2025-04-27T17:22:25.869Z","I_R02_2025-04-27","R2","2025-04-27T17:22:24.885Z","GR86-051-71",0,4,149500,
"kafka:gr-raw","2025-04-27T17:19:55.960Z","I_R02_2025-04-27","R2","2025-04-27T17:19:55.366Z","GR86-051-71",0,3,149822,
"kafka:gr-raw","2025-04-27T17:17:28.914Z","I_R02_2025-04-27","R2","2025-04-27T17:17:25.565Z","GR86-051-71",0,2,153268,
"kafka:gr-raw","2025-04-27T17:14:53.766Z","I_R02_2025-04-27","R2","2025-04-27T17:14:52.276Z","GR86-051-71",0,1,212014,
"kafka:gr-raw","2025-04-27T17:11:20.875Z","I_R02_2025-04-27","R2","2025-04-27T17:11:20.445Z","GR86-051-71",0,32768,1829922,
"kafka:gr-raw","2025-04-27T18:06:05.598Z","I_R02_2025-04-27","R2","2025-04-27T18:06:04.835Z","GR86-057-57",0,19,254224,
"kafka:gr-raw","2025-04-27T18:01:50.984Z","I_R02_2025-04-27","R2","2025-04-27T18:01:50.595Z","GR86-057-57",0,18,153177,
"kafka:gr-raw","2025-04-27T17:59:18.896Z","I_R02_2025-04-27","R2","2025-04-27T17:59:17.394Z","GR86-057-57",0,17,154194,
"kafka:gr-raw","2025-04-27T17:56:44.826Z","I_R02_2025-04-27","R2","2025-04-27T17:56:43.194Z","GR86-057-57",0,16,152706,
"kafka:gr-raw","2025-04-27T17:54:12.565Z","I_R02_2025-04-27","R2","2025-04-27T17:54:10.479Z","GR86-057-57",0,15,208596,
"kafka:gr-raw","2025-04-27T17:50:43.680Z","I_R02_2025-04-27","R2","2025-04-27T17:50:41.880Z","GR86-057-57",0,14,198786,
"kafka:gr-raw","2025-04-27T17:47:25.394Z","I_R02_2025-04-27","R2","2025-04-27T17:47:23.116Z","GR86-057-57",0,13,173115,
"kafka:gr-raw","2025-04-27T17:44:33.915Z","I_R02_2025-04-27","R2","2025-04-27T17:44:29.985Z","GR86-057-57",0,12,152971,
"kafka:gr-raw","2025-04-27T17:42:00.300Z","I_R02_2025-04-27","R2","2025-04-27T17:41:57.035Z","GR86-057-57",0,11,152826,
"kafka:gr-raw","2025-04-27T17:39:24.714Z","I_R02_2025-04-27","R2","2025-04-27T17:39:24.234Z","GR86-057-57",0,10,191301,
"kafka:gr-raw","2025-04-27T17:36:14.205Z","I_R02_2025-04-27","R2","2025-04-27T17:36:12.875Z","GR86-057-57",0,9,194570,
"kafka:gr-raw","2025-04-27T17:33:02.308Z","I_R02_2025-04-27","R2","2025-04-27T17:32:58.315Z","GR86-057-57",0,8,157812,
"kafka:gr-raw","2025-04-27T17:30:22.224Z","I_R02_2025-04-27","R2","2025-04-27T17:30:20.475Z","GR86-057-57",0,7,153306,
"kafka:gr-raw","2025-04-27T17:27:50.155Z","I_R02_2025-04-27","R2","2025-04-27T17:27:47.194Z","GR86-057-57",0,6,152882,
"kafka:gr-raw","2025-04-27T17:25:22.950Z","I_R02_2025-04-27","R2","2025-04-27T17:25:14.315Z","GR86-057-57",0,5,154290,
"kafka:gr-raw","2025-04-27T17:22:41.655Z","I_R02_2025-04-27","R2","2025-04-27T17:22:39.995Z","GR86-057-57",0,4,153010,
"kafka:gr-raw","2025-04-27T17:20:07.554Z","I_R02_2025-04-27","R2","2025-04-27T17:20:06.984Z","GR86-057-57",0,3,152983,
"kafka:gr-raw","2025-04-27T17:17:36.410Z","I_R02_2025-04-27","R2","2025-04-27T17:17:33.985Z","GR86-057-57",0,2,159696,
"kafka:gr-raw","2025-04-27T17:14:55.533Z","I_R02_2025-04-27","R2","2025-04-27T17:14:54.354Z","GR86-057-57",0,1,198788,
"kafka:gr-raw","2025-04-27T17:11:37.780Z","I_R02_2025-04-27","R2","2025-04-27T17:11:35.505Z","GR86-057-57",0,32768,1556003,
"kafka:gr-raw","2025-04-27T18:06:03.920Z","I_R02_2025-04-27","R2","2025-04-27T18:05:59.510Z","GR86-061-51",0,19,252666,
"kafka:gr-raw","2025-04-27T18:01:47.582Z","I_R02_2025-04-27","R2","2025-04-27T18:01:46.819Z","GR86-061-51",0,18,152324,
"kafka:gr-raw","2025-04-27T17:59:18.941Z","I_R02_2025-04-27","R2","2025-04-27T17:59:14.509Z","GR86-061-51",0,17,152410,
"kafka:gr-raw","2025-04-27T17:56:42.982Z","I_R02_2025-04-27","R2","2025-04-27T17:56:42.197Z","GR86-061-51",0,16,153379,
"kafka:gr-raw","2025-04-27T17:54:09.696Z","I_R02_2025-04-27","R2","2025-04-27T17:54:08.709Z","GR86-061-51",0,15,209606,
"kafka:gr-raw","2025-04-27T17:50:39.459Z","I_R02_2025-04-27","R2","2025-04-27T17:50:39.109Z","GR86-061-51",0,14,211502,
"kafka:gr-raw","2025-04-27T17:47:10.205Z","I_R02_2025-04-27","R2","2025-04-27T17:47:07.579Z","GR86-061-51",0,13,156579,
"kafka:gr-raw","2025-04-27T17:44:33.276Z","I_R02_2025-04-27","R2","2025-04-27T17:44:31.029Z","GR86-061-51",0,12,151690,
"kafka:gr-raw","2025-04-27T17:42:00.773Z","I_R02_2025-04-27","R2","2025-04-27T17:41:59.309Z","GR86-061-51",0,11,153214,
"kafka:gr-raw","2025-04-27T17:39:27.007Z","I_R02_2025-04-27","R2","2025-04-27T17:39:26.074Z","GR86-061-51",0,10,189800,
"kafka:gr-raw","2025-04-27T17:36:18.029Z","I_R02_2025-04-27","R2","2025-04-27T17:36:16.349Z","GR86-061-51",0,9,191972,
"kafka:gr-raw","2025-04-27T17:33:05.303Z","I_R02_2025-04-27","R2","2025-04-27T17:33:04.309Z","GR86-061-51",0,8,154708,
"kafka:gr-raw","2025-04-27T17:30:32.659Z","I_R02_2025-04-27","R2","2025-04-27T17:30:29.600Z","GR86-061-51",0,7,152617,
"kafka:gr-raw","2025-04-27T17:27:58.532Z","I_R02_2025-04-27","R2","2025-04-27T17:27:56.989Z","GR86-061-51",0,6,151664,
"kafka:gr-raw","2025-04-27T17:25:27.337Z","I_R02_2025-04-27","R2","2025-04-27T17:25:25.367Z","GR86-061-51",0,5,152026,
"kafka:gr-raw","2025-04-27T17:22:55.263Z","I_R02_2025-04-27","R2","2025-04-27T17:22:53.279Z","GR86-061-51",0,4,171383,
"kafka:gr-raw","2025-04-27T17:20:03.601Z","I_R02_2025-04-27","R2","2025-04-27T17:20:01.907Z","GR86-061-51",0,3,150920,
"kafka:gr-raw","2025-04-27T17:17:32.252Z","I_R02_2025-04-27","R2","2025-04-27T17:17:30.989Z","GR86-061-51",0,2,157377,
"kafka:gr-raw","2025-04-27T17:14:54.156Z","I_R02_2025-04-27","R2","2025-04-27T17:14:53.594Z","GR86-061-51",0,1,200910,
"kafka:gr-raw","2025-04-27T17:11:34.481Z","I_R02_2025-04-27","R2","2025-04-27T17:11:32.675Z","GR86-061-51",0,32768,1300257,
"kafka:gr-raw","2025-04-27T18:12:31.505Z","I_R02_2025-04-27","R2","2025-04-27T18:12:29.507Z","GR86-063-113",0,20,50573,
"kafka:gr-raw","2025-04-27T18:05:41.670Z","I_R02_2025-04-27","R2","2025-04-27T18:05:38.463Z","GR86-063-113",0,19,238304,
"kafka:gr-raw","2025-04-27T18:01:40.465Z","I_R02_2025-04-27","R2","2025-04-27T18:01:40.184Z","GR86-063-113",0,18,151613,
"kafka:gr-raw","2025-04-27T17:59:16.513Z","I_R02_2025-04-27","R2","2025-04-27T17:59:08.543Z","GR86-063-113",0,17,152004,
"kafka:gr-raw","2025-04-27T17:56:38.946Z","I_R02_2025-04-27","R2","2025-04-27T17:56:36.544Z","GR86-063-113",0,16,151244,
"kafka:gr-raw","2025-04-27T17:54:06.217Z","I_R02_2025-04-27","R2","2025-04-27T17:54:05.312Z","GR86-063-113",0,15,210615,
"kafka:gr-raw","2025-04-27T17:50:35.518Z","I_R02_2025-04-27","R2","2025-04-27T17:50:34.704Z","GR86-063-113",0,14,213404,
"kafka:gr-raw","2025-04-27T17:47:02.906Z","I_R02_2025-04-27","R2","2025-04-27T17:47:01.305Z","GR86-063-113",0,13,153196,
"kafka:gr-raw","2025-04-27T17:44:28.457Z","I_R02_2025-04-27","R2","2025-04-27T17:44:28.065Z","GR86-063-113",0,12,153510,
"kafka:gr-raw","2025-04-27T17:41:55.082Z","I_R02_2025-04-27","R2","2025-04-27T17:41:54.624Z","GR86-063-113",0,11,153102,
"kafka:gr-raw","2025-04-27T17:39:22.430Z","I_R02_2025-04-27","R2","2025-04-27T17:39:21.453Z","GR86-063-113",0,10,193383,
"kafka:gr-raw","2025-04-27T17:36:08.533Z","I_R02_2025-04-27","R2","2025-04-27T17:36:08.103Z","GR86-063-113",0,9,210779,
"kafka:gr-raw","2025-04-27T17:32:38.890Z","I_R02_2025-04-27","R2","2025-04-27T17:32:37.273Z","GR86-063-113",0,8,150795,
"kafka:gr-raw","2025-04-27T17:30:07.190Z","I_R02_2025-04-27","R2","2025-04-27T17:30:06.493Z","GR86-063-113",0,7,151592,
"kafka:gr-raw","2025-04-27T17:27:36.166Z","I_R02_2025-04-27","R2","2025-04-27T17:27:34.904Z","GR86-063-113",0,6,150913,
"kafka:gr-raw","2025-04-27T17:25:05.126Z","I_R02_2025-04-27","R2","2025-04-27T17:25:03.984Z","GR86-063-113",0,5,150601,
"kafka:gr-raw","2025-04-27T17:22:34.482Z","I_R02_2025-04-27","R2","2025-04-27T17:22:33.384Z","GR86-063-113",0,4,151321,
"kafka:gr-raw","2025-04-27T17:20:05.504Z","I_R02_2025-04-27","R2","2025-04-27T17:20:02.064Z","GR86-063-113",0,3,151388,
"kafka:gr-raw","2025-04-27T17:17:32.450Z","I_R02_2025-04-27","R2","2025-04-27T17:17:30.709Z","GR86-063-113",0,2,157102,
"kafka:gr-raw","2025-04-27T17:14:53.881Z","I_R02_2025-04-27","R2","2025-04-27T17:14:53.575Z","GR86-063-113",0,1,205859,
"kafka:gr-raw","2025-04-27T17:11:27.985Z","I_R02_2025-04-27","R2","2025-04-27T17:11:27.704Z","GR86-063-113",0,32768,1574491,
"kafka:gr-raw","2025-04-27T18:05:37.054Z","I_R02_2025-04-27","R2","2025-04-27T18:05:36.452Z","GR86-065-5",0,19,236550,
"kafka:gr-raw","2025-04-27T18:01:40.781Z","I_R02_2025-04-27","R2","2025-04-27T18:01:39.894Z","GR86-065-5",0,18,153811,
"kafka:gr-raw","2025-04-27T17:59:08.116Z","I_R02_2025-04-27","R2","2025-04-27T17:59:06.082Z","GR86-065-5",0,17,151334,
"kafka:gr-raw","2025-04-27T17:56:39.240Z","I_R02_2025-04-27","R2","2025-04-27T17:56:34.748Z","GR86-065-5",0,16,151816,
"kafka:gr-raw","2025-04-27T17:54:04.307Z","I_R02_2025-04-27","R2","2025-04-27T17:54:02.933Z","GR86-065-5",0,15,212463,
"kafka:gr-raw","2025-04-27T17:50:31.839Z","I_R02_2025-04-27","R2","2025-04-27T17:50:30.493Z","GR86-065-5",0,14,211526,
"kafka:gr-raw","2025-04-27T17:46:59.647Z","I_R02_2025-04-27","R2","2025-04-27T17:46:58.972Z","GR86-065-5",0,13,153820,
"kafka:gr-raw","2025-04-27T17:44:25.717Z","I_R02_2025-04-27","R2","2025-04-27T17:44:25.132Z","GR86-065-5",0,12,152631,
"kafka:gr-raw","2025-04-27T17:41:53.361Z","I_R02_2025-04-27","R2","2025-04-27T17:41:52.492Z","GR86-065-5",0,11,152779,
"kafka:gr-raw","2025-04-27T17:39:21.127Z","I_R02_2025-04-27","R2","2025-04-27T17:39:19.693Z","GR86-065-5",0,10,196949,
"kafka:gr-raw","2025-04-27T17:36:03.966Z","I_R02_2025-04-27","R2","2025-04-27T17:36:02.738Z","GR86-065-5",0,9,209904,
"kafka:gr-raw","2025-04-27T17:32:36.593Z","I_R02_2025-04-27","R2","2025-04-27T17:32:32.858Z","GR86-065-5",0,8,0,
"kafka:gr-raw","2025-04-27T17:32:36.593Z","I_R02_2025-04-27","R2","2025-04-27T17:32:32.856Z","GR86-065-5",0,9,44,
"kafka:gr-raw","2025-04-27T17:32:36.592Z","I_R02_2025-04-27","R2","2025-04-27T17:32:32.854Z","GR86-065-5",0,8,154234,
"kafka:gr-raw","2025-04-27T17:30:00.320Z","I_R02_2025-04-27","R2","2025-04-27T17:29:58.692Z","GR86-065-5",0,7,150000,
"kafka:gr-raw","2025-04-27T17:27:34.011Z","I_R02_2025-04-27","R2","2025-04-27T17:27:28.572Z","GR86-065-5",0,6,149886,
"kafka:gr-raw","2025-04-27T17:24:59.792Z","I_R02_2025-04-27","R2","2025-04-27T17:24:58.658Z","GR86-065-5",0,5,150411,
"kafka:gr-raw","2025-04-27T17:22:29.610Z","I_R02_2025-04-27","R2","2025-04-27T17:22:28.292Z","GR86-065-5",0,4,150586,
"kafka:gr-raw","2025-04-27T17:19:58.013Z","I_R02_2025-04-27","R2","2025-04-27T17:19:57.657Z","GR86-065-5",0,3,150786,
"kafka:gr-raw","2025-04-27T17:17:28.659Z","I_R02_2025-04-27","R2","2025-04-27T17:17:26.892Z","GR86-065-5",0,2,154581,
"kafka:gr-raw","2025-04-27T17:14:53.850Z","I_R02_2025-04-27","R2","2025-04-27T17:14:52.341Z","GR86-065-5",0,1,210236,
"kafka:gr-raw","2025-04-27T17:11:22.639Z","I_R02_2025-04-27","R2","2025-04-27T17:11:22.092Z","GR86-065-5",0,32768,1648393,